RylandID_master,rating,name,salary,team,opp,exposure_min,exposure_max,projections_proj,projections_ceiling,projections_floor,projections_proj+/-,projections_pts/sal,projections_projown,projections_actpts,projections_imppts,projections_leverage+/-,projections_leverage,fanshare_sr,fanshare_buzz,trends_pro,trends_my,trends_bargain,trends_opp+/-,trends_snaps,vegas_pts,vegas_opppts,vegas_Î´,vegas_spread,vegas_o/u,vegas_spread%,passingyear_comp,passingyear_att,passingyear_yards,passingyear_%,passingyear_y/a,passingyear_adjypa,passingyear_td,passingyear_long,passingyear_cay,passingyear_iay,passingyear_%rb,passingyear_%wr,passingyear_%te,passingyear_td%,passingyear_int%,passingyear_sack%,rushingyear_att,rushingyear_rushlong,rushingyear_yards,rushingyear_y/a,rushingyear_td,rushingyear_successrate,redzoneyear_opp,redzoneyear_opp10,redzoneyear_opp5,weather_temp,weather_humidity,weather_precip%,fantasymonth_ppg,fantasymonth_change,fantasymonth_fp/oppor,fantasymonth_fp/snap,fantasymonth_consistency,fantasymonth_upside,fantasymonth_duds,fantasymonth_count,fantasyyear_ppg,fantasyyear_+/-,fantasyyear_change,fantasyyear_fp/oppor,fantasyyear_fp/snap,fantasyyear_consistency,fantasyyear_upside,fantasyyear_duds,fantasyyear_count,passingmonth_cay,passingmonth_iay,slate_id,pos,marketshareyear_rushtd,marketshareyear_rushyds,marketshareyear_snaps,receivingyear_tgts,receivingyear_receptions,receivingyear_yds,receivingyear_long,receivingyear_y/r,receivingyear_td,receivingyear_y/t,redzoneyear_td%,redzoneyear_succ%,marketshareyear_rectgts,marketshareyear_rectd,marketshareyear_recyds,receivingyear_tay,receivingyear_tay%,receivingmonth_tay,receivingmonth_tay%,projections_projsacks,defenseyear_int%,defenseyear_passsucc,defenseyear_rushsucc,defenseyear_sack%,defenseyear_takeaway%,defenseyear_td%allow,defenseyear_ypp,redzoneyear_snaps,redzoneyear_snaps10,redzoneyear_snaps5,Last Name_master,City Name_master,First Name_master,RylandID_master.1,date
jackson6000qbl,89.68,Lamar Jackson,6000,BAL,MIA,0,0,20.3,28.9,10.1,2.02,3.4,8,36.56,18.28,-2,57,0,0,8,0,50,8.1,36,24,17,3.5,-7,41,78,8,14,100,58,7.1,5.98,0.5,27,0,0,14.7,54.1,27.6,3.6,2.1,8.5,9,16,43,4.7,0.3,51.7,4,1.63,0.56,90,0.66,1,0,0,0,0,0,0,0,3,11.7,1.3,500,0.47,0.32,56,34,26,23,0,0,1,QB,0,0,0,0,0,0,0,0,0,0,0,0,0,0,0,0,0,0,0,0,0,0,0,0,0,0,0,0,0,0,jackson,lamar jackson,l,jackson6000qbl,9/8/2019
prescott5900qbd,87.57,Dak Prescott,5900,DAL,NYG,0,0,20.3,28,8.1,2.28,3.4,8,36.4,18.02,-7,27,0,0,4,0,68,0.2,67,25.5,18.5,-1.5,-7,44,67,22,32,242,67,7.4,6.38,1.4,41,0,0,21.3,59.1,17.5,4.4,1.6,9.9,4,9,19,4.1,0.4,48,6.38,3.06,1.75,0,0,0,0,0,0,0,0,0,0,4,19.3,3.2,400,0.47,0.29,87,61,0,31,0,0,1,QB,0,0,0,0,0,0,0,0,0,0,0,0,0,0,0,0,0,0,0,0,0,0,0,0,0,0,0,0,0,0,prescott,dak prescott,d,prescott5900qbd,9/8/2019
cousins5500qbk,84.3,Kirk Cousins,5500,MIN,ATL,0,0,19.5,28,9.2,2.5,3.5,4,14.32,17,-1,66,0,0,5,0,86,1.8,65,25.3,21.8,-0.5,-3.5,47,40,26,37,268,70,7.1,6.66,1.9,36,0,0,16.3,65.7,15.5,5.1,1.6,6.3,2,5,7,2.8,0.1,36.4,5.5,2.19,1.13,0,0,0,0,0,0,0,0,0,0,3,19.6,2.2,0,0.45,0.3,83,41,4,24,0,0,1,QB,0,0,0,0,0,0,0,0,0,0,0,0,0,0,0,0,0,0,0,0,0,0,0,0,0,0,0,0,0,0,cousins,kirk cousins,k,cousins5500qbk,9/8/2019
winston6600qbj,84.04,Jameis Winston,6600,TB,SF,0,0,22.1,30.3,10.9,2.29,3.3,16,10.06,19.81,-1,66,0,0,6,0,29,0.7,62,26,25,1.5,-1,51,57,22,34,272,64,7.9,6.4,1.7,41,0,0,12.2,70.1,16.7,5,3.8,6.8,4,10,25,5.7,0.1,53.1,4.62,1.62,0.46,89,0.58,1,0,0,0,0,0,0,0,4,17.5,2.3,1100,0.42,0.28,47,38,14,21,0,0,1,QB,0,0,0,0,0,0,0,0,0,0,0,0,0,0,0,0,0,0,0,0,0,0,0,0,0,0,0,0,0,0,winston,jameis winston,j,winston6600qbj,9/8/2019
newton6500qbc,83.81,Cam Newton,6500,CAR,LA,0,0,20.9,28.9,8,1.35,3.2,8,7.36,19.55,-2,57,0,0,5,0,50,-1.6,63,24,25.5,-0.3,1.5,49.5,30,22,33,242,67,7.2,6.28,1.7,34,0,0,24,56.1,16.6,5.2,2.7,6,7,13,34,4.8,0.3,48.5,4.81,2.44,1.25,87,0.52,0,0,0,0,0,0,0,0,3,17.5,1.3,1000,0.41,0.28,69,39,13,23,0,0,1,QB,0,0,0,0,0,0,0,0,0,0,0,0,0,0,0,0,0,0,0,0,0,0,0,0,0,0,0,0,0,0,newton,cam newton,c,newton6500qbc,9/8/2019
wentz5700qbc,83.53,Carson Wentz,5700,PHI,WAS,0,0,20.9,30.2,11.9,3.39,3.7,12,28.02,17.51,-2,57,0,0,6,0,86,-1,65,27.3,16.8,-0.5,-10.5,44,66,25,36,279,69,7.7,7.01,1.9,39,0,0,14.7,47.9,35.4,5.3,1.7,7.2,3,5,8,2.7,0,44.1,4.6,1.87,0.93,79,0.41,1,0,0,0,0,0,0,0,3,14.5,2.5,200,0.34,0.22,53,46,30,26,0,0,1,QB,0,0,0,0,0,0,0,0,0,0,0,0,0,0,0,0,0,0,0,0,0,0,0,0,0,0,0,0,0,0,wentz,carson wentz,c,wentz5700qbc,9/8/2019
allen5600qbj,81.47,Josh Allen,5600,BUF,NYJ,0,0,17.7,28.9,9.6,0.45,3.2,4,19.96,17.25,4,94,0,0,5,0,44,8.9,59,19.3,21.8,1.8,2.5,41,43,14,26,172,52,6.5,4.45,0.8,41,0,0,16.6,60.9,17.5,3.1,3.8,8.1,7,19,52,7.1,0.7,60.7,3.67,1.4,1,77,0.44,1,0,0,0,0,0,0,0,3,15.2,2.9,100,0.42,0.26,55,35,20,20,0,0,1,QB,0,0,0,0,0,0,0,0,0,0,0,0,0,0,0,0,0,0,0,0,0,0,0,0,0,0,0,0,0,0,allen,josh allen,j,allen5600qbj,9/8/2019
garoppolo5800qbj,80.45,Jimmy Garoppolo,5800,SF,TB,0,0,20,28.9,10,2.24,3.4,8,11.44,17.76,-2,57,0,0,6,0,50,2.8,65,25,26,0.5,1,51,43,17,29,239,59,8.1,5.89,1.7,42,0,0,24.7,47.2,25.8,5.9,3.4,12.9,2,7,11,4.1,0,62.5,8.33,1.67,0.67,89,0.58,1,0,0,0,0,0,0,0,3,17,-0.1,300,0.46,0.26,15,5,0,20,0,0,1,QB,0,0,0,0,0,0,0,0,0,0,0,0,0,0,0,0,0,0,0,0,0,0,0,0,0,0,0,0,0,0,garoppolo,jimmy garoppolo,j,garoppolo5800qbj,9/8/2019
mahomes7200qbp,79.45,Patrick Mahomes,7200,KC,JAX,0,0,22.6,30.6,11.4,1.26,3.1,12,30.32,21.34,1,84,0,0,5,0,62,-4,64,26.3,22.8,-2.5,-3.5,49,72,23,36,318,66,8.8,8.88,3.1,48,0,0,16.6,50,30.2,8.6,2.2,4.3,3,10,17,4.5,0.1,53.3,7.88,3.88,1.88,94,0.5,1,0,0,0,0,0,0,0,4,29.1,8.2,1700,0.7,0.45,86,66,0,30,0,0,1,QB,0,0,0,0,0,0,0,0,0,0,0,0,0,0,0,0,0,0,0,0,0,0,0,0,0,0,0,0,0,0,mahomes,patrick mahomes,p,mahomes7200qbp,9/8/2019
murray5600qbk,79.26,Kyler Murray,5600,ARI,DET,0,0,20,28.9,9.7,2.75,3.6,8,25.62,17.25,-2,57,0,0,4,0,77,-5.1,0,21.5,24,-3,2.5,45.5,28,0,0,0,0,0,0,0,0,0,0,0,0,0,0,0,0,0,0,0,0,0,0,0,0,0,0,0,0,0,0,0,0,0,0,0,2,0,0,100,0,0,0,0,0,3,0,0,1,QB,0,0,0,0,0,0,0,0,0,0,0,0,0,0,0,0,0,0,0,0,0,0,0,0,0,0,0,0,0,0,murray,kyler murray,k,murray5600qbk,9/8/2019
wilson6300qbr,78.99,Russell Wilson,6300,SEA,CIN,0,0,19.5,30.3,10.1,0.46,3.1,8,16.6,19.04,2,88,0,0,4,0,86,-2.4,66,26.8,17.3,1.3,-9.5,44,66,17,26,215,65,8.1,7.5,2.2,40,0,0,19.7,56.2,16.9,8.5,1.5,11,4,11,23,5.6,0,49.3,4.81,2.38,0.94,67,0.77,33,0,0,0,0,0,0,0,3,19.2,1.7,800,0.56,0.29,75,48,10,29,0,0,1,QB,0,0,0,0,0,0,0,0,0,0,0,0,0,0,0,0,0,0,0,0,0,0,0,0,0,0,0,0,0,0,wilson,russell wilson,r,wilson6300qbr,9/8/2019
ryan6100qbm,74.48,Matt Ryan,6100,ATL,MIN,0,0,19.1,26.5,9.2,0.57,3.1,4,23.56,18.53,-6,33,0,0,3,0,86,-7.2,65,21.8,25.3,0.5,3.5,47,60,26,37,311,70,8.3,8.13,2.3,40,0,0,14.3,68.3,15.8,6.2,1.1,6.3,2,6,7,3.8,0.2,58.1,5.47,2.67,1.6,0,0,0,0,0,0,0,0,0,0,3,25,6.1,600,0.59,0.39,80,66,0,21,0,0,1,QB,0,0,0,0,0,0,0,0,0,0,0,0,0,0,0,0,0,0,0,0,0,0,0,0,0,0,0,0,0,0,ryan,matt ryan,m,ryan6100qbm,9/8/2019
goff6200qbj,73.74,Jared Goff,6200,LA,CAR,0,0,19.9,27.9,10,1.11,3.2,4,10.44,18.79,-3,50,0,0,3,0,68,-4.6,66,25.5,24,-1.3,-1.5,49.5,70,22,35,293,64,8.4,7.65,2,39,0,0,16.9,64.3,14.8,5.7,2.3,5.7,2,6,6,2.5,0.1,32.6,7,3.31,1.06,87,0.52,0,0,0,0,0,0,0,0,4,21.9,3.7,700,0.55,0.33,74,45,12,31,0,0,1,QB,0,0,0,0,0,0,0,0,0,0,0,0,0,0,0,0,0,0,0,0,0,0,0,0,0,0,0,0,0,0,goff,jared goff,j,goff6200qbj,9/8/2019
rivers5900qbp,73.61,Philip Rivers,5900,LAC,IND,0,0,19.6,30.2,10.2,1.58,3.3,4,27.92,18.02,6,97,0,0,4,0,68,-1.3,60,25.3,19.3,-0.2,-6,44.5,55,21,31,269,68,8.5,7.91,2,39,0,0,27.6,57.3,14.4,6.5,2.6,6.1,1,0,0,0.4,0,16.7,5.13,3,1.19,75,0.59,1,0,0,0,0,0,0,0,3,18.8,1.2,400,0.54,0.31,75,57,10,28,0,0,1,QB,0,0,0,0,0,0,0,0,0,0,0,0,0,0,0,0,0,0,0,0,0,0,0,0,0,0,0,0,0,0,rivers,philip rivers,p,rivers5900qbp,9/8/2019
brissett4400qbj,72.59,Jacoby Brissett,4400,IND,LAC,0,0,16.4,25.1,9.2,2.21,3.7,4,16.5,14.19,-9,17,0,0,3,0,68,0.1,4,19.3,25.3,-3.2,6,44.5,45,0,1,0,50,0.5,0,0,1,0,0,0,75,0,0,0,0,1,0,-1,-1,0,0,0,0,0,75,0.59,1,0,0,0,0,0,0,0,2,0,0,-1100,-0.01,-0.01,0,0,86,22,0,0,1,QB,0,0,0,0,0,0,0,0,0,0,0,0,0,0,0,0,0,0,0,0,0,0,0,0,0,0,0,0,0,0,brissett,jacoby brissett,j,brissett4400qbj,9/8/2019
foles5300qbn,71.7,Nick Foles,5300,JAX,KC,0,0,17.4,26.3,8.5,0.91,3.3,4,7,16.49,-8,21,0,0,5,0,37,3,71,22.8,26.3,-1,3.5,49,28,30,40,324,75,8,7.56,1.8,52,0,0,22.4,42.2,34.2,4.5,2,4.3,2,2,4,2.3,0,75,2,1,0.47,94,0.5,1,0,0,0,0,0,0,0,3,6.7,0.7,-200,0.15,0.09,32,24,52,25,0,0,1,QB,0,0,0,0,0,0,0,0,0,0,0,0,0,0,0,0,0,0,0,0,0,0,0,0,0,0,0,0,0,0,foles,nick foles,n,foles5300qbn,9/8/2019
mayfield6400qbb,70.2,Baker Mayfield,6400,CLE,TEN,0,0,20,27.2,9.3,0.7,3.1,4,12.4,19.3,-5,38,0,0,3,0,62,-4.7,64,24.8,19.3,-0.5,-5.5,44,67,22,34,266,63,7.7,6.9,1.9,41,0,0,20,58.2,19.5,5.6,2.9,5,2,7,9,3.4,0,38.5,4,1.81,1.13,71,0.61,1,0,0,0,0,0,0,0,2,16.1,2,900,0.41,0.25,76,47,9,21,0,0,1,QB,0,0,0,0,0,0,0,0,0,0,0,0,0,0,0,0,0,0,0,0,0,0,0,0,0,0,0,0,0,0,mayfield,baker mayfield,b,mayfield6400qbb,9/8/2019
stafford5400qbm,68.15,Matthew Stafford,5400,DET,ARI,0,0,18,27.8,9.4,1.26,3.3,4,31.6,16.74,-4,44,0,0,3,0,37,-2.9,65,24,21.5,-0.5,-2.5,45.5,72,22,34,236,66,6.8,5.9,1.3,36,0,0,24.9,60.7,11.4,3.8,2.1,6.8,1,4,4,2.8,0,40,5.31,2.06,0.63,0,0,0,0,0,0,0,0,0,0,3,14.4,-1.4,-100,0.37,0.22,73,39,8,23,0,0,1,QB,0,0,0,0,0,0,0,0,0,0,0,0,0,0,0,0,0,0,0,0,0,0,0,0,0,0,0,0,0,0,stafford,matthew stafford,m,stafford5400qbm,9/8/2019
darnold5100qbs,67.29,Sam Darnold,5100,NYJ,BUF,0,0,15.8,26.5,8.2,-0.18,3.1,1,13,15.98,3,91,0,0,2,0,68,-3.8,62,21.8,19.3,0.8,-2.5,41,57,18,31,220,57,6.9,5.32,1.3,36,0,0,17.9,60.1,18.6,4.2,3.9,6.9,3,7,10,3.1,0.1,40.9,3.69,1.25,0.69,77,0.44,1,0,0,0,0,0,0,0,3,12.2,0,-400,0.33,0.2,60,39,21,23,0,0,1,QB,0,0,0,0,0,0,0,0,0,0,0,0,0,0,0,0,0,0,0,0,0,0,0,0,0,0,0,0,0,0,darnold,sam darnold,s,darnold5100qbs,9/8/2019
mariota5200qbm,65.73,Marcus Mariota,5200,TEN,CLE,0,0,15.3,25.1,5.9,-0.93,2.9,1,24.32,16.23,0,77,0,0,1,0,44,0.3,55,19.3,24.8,-0.5,5.5,44,33,16,23,180,68,7.6,5.85,0.8,31,0,0,21.1,57.7,18.1,3.5,2.6,11.5,4,13,25,5.6,0.1,57.8,4.06,2.06,0.94,71,0.61,1,0,0,0,0,0,0,0,2,13.8,-0.7,-300,0.44,0.25,57,38,30,26,0,0,1,QB,0,0,0,0,0,0,0,0,0,0,0,0,0,0,0,0,0,0,0,0,0,0,0,0,0,0,0,0,0,0,mariota,marcus mariota,m,mariota5200qbm,9/8/2019
dalton5000qba,65.41,Andy Dalton,5000,CIN,SEA,0,0,15.3,24,7.7,-0.42,3.1,1,25.72,15.72,-4,44,0,0,2,0,62,1.3,57,17.3,26.8,-0.7,9.5,44,34,20,33,233,61,7,6.07,1.9,32,0,0,19.7,60,18.1,5.8,3,5.4,1,7,9,6.2,0,37.5,4.25,2,1.17,67,0.77,33,0,0,0,0,0,0,0,4,15.4,0.1,-500,0.42,0.27,64,35,11,17,0,0,1,QB,0,0,0,0,0,0,0,0,0,0,0,0,0,0,0,0,0,0,0,0,0,0,0,0,0,0,0,0,0,0,dalton,andy dalton,a,dalton5000qba,9/8/2019
fitzpatrick4900qbr,64.81,Ryan Fitzpatrick,4900,MIA,BAL,0,0,14.9,22.7,7.2,-0.57,3,1,11.2,15.47,-5,38,0,0,1,0,44,-5.5,53,17,24,0.5,7,41,22,20,30,295,66,9.6,8.19,2.1,50,0,0,17.1,63.8,18.7,7,5,5.7,4,9,19,4.2,0.3,44.4,3.63,1.69,1.06,90,0.66,1,0,0,0,0,0,0,0,3,14.1,3.8,-600,0.38,0.27,40,36,40,22,0,0,1,QB,0,0,0,0,0,0,0,0,0,0,0,0,0,0,0,0,0,0,0,0,0,0,0,0,0,0,0,0,0,0,fitzpatrick,ryan fitzpatrick,r,fitzpatrick4900qbr,9/8/2019
manning5000qbe,64.69,Eli Manning,5000,NYG,DAL,0,0,15.8,24.9,7.6,0.08,3.2,1,18.84,15.72,-2,57,0,0,2,0,50,-0.9,63,18.5,25.5,-1,7,44,33,23,36,268,65,7.5,6.18,1.3,40,0,0,26,53,19.4,3.6,1.9,7.5,0,1,1,1.3,0.1,40,5.88,2.63,1.56,0,0,0,0,0,0,0,0,0,0,3,16.8,1.4,-500,0.42,0.27,84,56,0,25,0,0,1,QB,0,0,0,0,0,0,0,0,0,0,0,0,0,0,0,0,0,0,0,0,0,0,0,0,0,0,0,0,0,0,manning,eli manning,e,manning5000qbe,9/8/2019
keenum4900qbc,60.47,Case Keenum,4900,WAS,PHI,0,0,14.9,24.1,7.3,-0.57,3,1,30.2,15.47,-3,50,0,0,1,0,44,0,67,16.8,27.3,-2,10.5,44,34,22,36,243,62,6.6,5.52,1.1,37,0,0,21.7,55.8,18.6,3.1,2.5,5.5,1,5,5,3.6,0.1,46.2,4.63,2.5,1.13,79,0.41,1,0,0,0,0,0,0,0,3,14.9,-0.5,-600,0.37,0.22,84,46,0,26,0,0,1,QB,0,0,0,0,0,0,0,0,0,0,0,0,0,0,0,0,0,0,0,0,0,0,0,0,0,0,0,0,0,0,keenum,case keenum,c,keenum4900qbc,9/8/2019
barber4000rbp,86.13,Peyton Barber,4000,TB,SF,0,0,10.1,20.3,1.8,2.49,2.5,4,6.5,7.61,-4,67,0,0,5,0,88,1.3,38,26,25,1.5,-1,51,57,0,0,0,0,0,0,0,0,0,0,0,0,0,0,0,0,14,15,54,3.7,0.3,43.6,2.63,1.5,0.94,89,0.58,1,0,0,0,0,0,0,0,4,9.3,2,-1500,0.57,0.24,76,42,4,21,0,0,1,RB,41.7,57.2,55.2,1,1,5,3,4.6,0.1,2,13.5,32.4,0,0,0,0,0,0,0,0,0,0,0,0,0,0,0,0,0,0,barber,peyton barber,p,barber4000rbp,9/8/2019
ingram5100rbm,84.59,Mark Ingram,5100,BAL,MIA,0,0,13.8,20.6,4.7,3.07,2.7,8,25.7,10.73,-5,63,0,0,5,0,88,-0.2,29,24,17,3.5,-7,41,78,0,0,0,0,0,0,0,0,0,0,0,0,0,0,0,0,11,16,53,4.7,0.5,59.4,2.42,1.67,1.25,90,0.66,1,0,0,0,0,0,0,0,3,12.4,1,-400,0.9,0.43,57,17,10,28,0,0,1,RB,31.6,40.1,45.4,2,1,14,10,8.1,0.1,5.6,21.4,57.1,0,0,0,0,0,0,0,0,0,0,0,0,0,0,0,0,0,0,ingram,mark ingram,m,ingram5100rbm,9/8/2019
cook6000rbd,84.11,Dalvin Cook,6000,MIN,ATL,0,0,18.3,30.2,7.1,5.02,3.1,30,29,13.28,-3,70,0,0,5,0,65,0.5,44,25.3,21.8,-0.5,-3.5,47,40,0,0,0,0,0,0,0,0,0,0,0,0,0,0,0,0,12,19,55,4.6,0.2,39.8,1.58,0.75,0.25,0,0,0,0,0,0,0,0,0,0,3,13.1,0.5,500,0.81,0.3,48,24,24,25,0,0,1,RB,50,59.5,69,4,3,27,14,7.6,0.2,5.3,6.3,31.3,0,0,0,0,0,0,0,0,0,0,0,0,0,0,0,0,0,0,cook,dalvin cook,d,cook6000rbd,9/8/2019
johnson5800rbk,83.45,Kerryon Johnson,5800,DET,ARI,0,0,15.4,29.1,6,2.68,2.7,16,8.2,12.72,1,86,0,0,7,0,58,2.8,34,24,21.5,-0.5,-2.5,45.5,72,0,0,0,0,0,0,0,0,0,0,0,0,0,0,0,0,11,21,64,5.4,0.3,51.7,1.71,0.71,0.14,0,0,0,0,0,0,0,0,0,0,3,9.9,2.3,300,0.63,0.29,54,27,22,22,0,0,1,RB,50,63.8,51.6,3,3,21,10,6.7,0.1,5,17.6,52.9,0,0,0,0,0,0,0,0,0,0,0,0,0,0,0,0,0,0,johnson,kerryon johnson,k,johnson5800rbk,9/8/2019
sanders3900rbm,83.44,Miles Sanders,3900,PHI,WAS,0,0,9.8,17.5,2.8,2.47,2.5,4,3.7,7.33,-11,46,0,0,4,0,98,-0.9,0,27.3,16.8,-0.5,-10.5,44,66,0,0,0,0,0,0,0,0,0,0,0,0,0,0,0,0,0,0,0,0,0,0,0,0,0,79,0.41,1,0,0,0,0,0,0,0,3,0,0,-1600,0,0,0,0,0,4,0,0,1,RB,0,0,0,0,0,0,0,0,0,0,0,0,0,0,0,0,0,0,0,0,0,0,0,0,0,0,0,0,0,0,sanders,miles sanders,m,sanders3900rbm,9/8/2019
fournette6100rbl,82.99,Leonard Fournette,6100,JAX,KC,0,0,17.5,29.5,7.6,3.93,2.9,25,12.4,13.57,-2,74,0,0,6,0,54,2.4,35,22.8,26.3,-1,3.5,49,28,0,0,0,0,0,0,0,0,0,0,0,0,0,0,0,0,16,13,54,3.3,0.6,47.4,2.5,1.5,1.2,94,0.5,1,0,0,0,0,0,0,0,3,11.5,-0.7,600,0.59,0.33,16,12,29,24,0,0,1,RB,83.3,39.3,51.6,2,2,23,14,8.4,0.1,7,22.7,54.5,0,0,0,0,0,0,0,0,0,0,0,0,0,0,0,0,0,0,fournette,leonard fournette,l,fournette6100rbl,9/8/2019
jackson4000rbj,82.11,Justin Jackson,4000,LAC,IND,0,0,9.5,17.9,2.7,1.89,2.4,4,7.1,7.61,-10,49,0,0,2,0,96,2.4,18,25.3,19.3,-0.2,-6,44.5,55,0,0,0,0,0,0,0,0,0,0,0,0,0,0,0,0,6,7,25,4.1,0.3,56,0.89,0.44,0.22,75,0.59,1,0,0,0,0,0,0,0,3,7.4,0.7,-1500,0.86,0.41,45,13,13,22,0,0,1,RB,16.7,22.2,30.5,2,1,16,10,9,0,7.6,40,80,0,0,0,0,0,0,0,0,0,0,0,0,0,0,0,0,0,0,jackson,justin jackson,j,jackson4000rbj,9/8/2019
carson5700rbc,81.81,Chris Carson,5700,SEA,CIN,0,0,16.8,24.1,4.2,4.37,2.9,25,25,12.43,-9,52,0,0,5,0,46,0.2,32,26.8,17.3,1.3,-9.5,44,66,0,0,0,0,0,0,0,0,0,0,0,0,0,0,0,0,17,20,82,4.7,0.6,51,2.93,1.87,1.07,67,0.77,33,0,0,0,0,0,0,0,3,13.9,3.7,200,0.72,0.43,60,46,23,30,0,0,1,RB,75,54.4,48.4,1,1,11,7,8.2,0,4.2,22,58.5,0,0,0,0,0,0,0,0,0,0,0,0,0,0,0,0,0,0,carson,chris carson,c,carson5700rbc,9/8/2019
ekeler5500rba,81.41,Austin Ekeler,5500,LAC,IND,0,0,15.4,25.8,6.6,3.53,2.8,20,39.4,11.87,-4,67,0,0,7,0,46,2.4,24,25.3,19.3,-0.2,-6,44.5,55,0,0,0,0,0,0,0,0,0,0,0,0,0,0,0,0,7,17,39,5.2,0.2,51.9,1.31,0.38,0.31,75,0.59,1,0,0,0,0,0,0,0,3,9.3,1.5,0,0.88,0.39,60,21,25,28,0,0,1,RB,23.1,32.5,40.5,3,2,28,15,10.4,0.2,6.9,12.5,43.8,0,0,0,0,0,0,0,0,0,0,0,0,0,0,0,0,0,0,ekeler,austin ekeler,a,ekeler5500rba,9/8/2019
howard4200rbj,78.87,Jordan Howard,4200,PHI,WAS,0,0,9,19.8,2.5,0.82,2.1,1,7.5,8.18,7,96,0,0,3,0,91,-0.9,39,27.3,16.8,-0.5,-10.5,44,66,0,0,0,0,0,0,0,0,0,0,0,0,0,0,0,0,15,15,58,3.7,0.6,50.4,2.44,1.31,0.81,79,0.41,1,0,0,0,0,0,0,0,3,10.8,-0.2,-1300,0.62,0.28,55,24,31,29,0,0,1,RB,56.3,48.2,58.1,1,1,9,6,7.3,0,4.7,26.5,67.6,0,0,0,0,0,0,0,0,0,0,0,0,0,0,0,0,0,0,howard,jordan howard,j,howard4200rbj,9/8/2019
breida4000rbm,78.67,Matt Breida,4000,SF,TB,0,0,10.3,19,3.6,2.69,2.6,8,3.7,7.61,-11,46,0,0,4,0,65,0,26,25,26,0.5,1,51,43,0,0,0,0,0,0,0,0,0,0,0,0,0,0,0,0,10,18,58,5.3,0.2,45.1,1.69,0.81,0.44,89,0.58,1,0,0,0,0,0,0,0,3,10.8,0.6,-1500,0.84,0.41,61,19,26,26,0,0,1,RB,50,48.1,39.6,1,1,18,10,9.7,0.1,5.4,8.7,47.8,0,0,0,0,0,0,0,0,0,0,0,0,0,0,0,0,0,0,breida,matt breida,m,breida4000rbm,9/8/2019
ogunbowale3000rbd,76.47,Dare Ogunbowale,3000,TB,SF,0,0,5.5,11.1,0.3,0.72,1.8,1,7.3,4.78,-12,43,0,0,2,0,88,1.3,2,26,25,1.5,-1,51,57,0,0,0,0,0,0,0,0,0,0,0,0,0,0,0,0,0,0,0,0,0,0,0,0,0,89,0.58,1,0,0,0,0,0,0,0,4,0,0,-2500,0,0,0,0,28,7,0,0,1,RB,0,0,2.7,0,0,0,0,0,0,0,0,0,0,0,0,0,0,0,0,0,0,0,0,0,0,0,0,0,0,0,ogunbowale,dare ogunbowale,d,ogunbowale3000rbd,9/8/2019
armstead3000rbr,75.37,Ryquell Armstead,3000,JAX,KC,0,0,5.6,10.7,0.2,0.82,1.9,1,0.7,4.78,-16,34,0,0,2,0,88,2.4,0,22.8,26.3,-1,3.5,49,28,0,0,0,0,0,0,0,0,0,0,0,0,0,0,0,0,0,0,0,0,0,0,0,0,0,94,0.5,1,0,0,0,0,0,0,0,3,0,0,-2500,0,0,0,0,0,4,0,0,1,RB,0,0,0,0,0,0,0,0,0,0,0,0,0,0,0,0,0,0,0,0,0,0,0,0,0,0,0,0,0,0,armstead,ryquell armstead,r,armstead3000rbr,9/8/2019
guice4400rbd,74.37,Derrius Guice,4400,WAS,PHI,0,0,11.1,20.6,3.1,2.35,2.5,4,6.8,8.75,-2,74,0,0,3,0,88,-0.3,0,16.8,27.3,-2,10.5,44,34,0,0,0,0,0,0,0,0,0,0,0,0,0,0,0,0,0,0,0,0,0,0,0,0,0,79,0.41,1,0,0,0,0,0,0,0,3,0,0,-1100,0,0,0,0,0,5,0,0,1,RB,0,0,0,0,0,0,0,0,0,0,0,0,0,0,0,0,0,0,0,0,0,0,0,0,0,0,0,0,0,0,guice,derrius guice,d,guice4400rbd,9/8/2019
freeman5300rbd,74.03,Devonta Freeman,5300,ATL,MIN,0,0,13,23.8,4.1,1.7,2.5,4,5.1,11.3,2,88,0,0,2,0,65,0,28,21.8,25.3,0.5,3.5,47,60,0,0,0,0,0,0,0,0,0,0,0,0,0,0,0,0,8,20,32,4,0,37.5,0,0,0,0,0,0,0,0,0,0,0,0,0,3,3.1,-0.5,-200,0.31,0.11,0,0,10,20,0,0,1,RB,0,51.6,38.9,2,2,9,9,4.5,0,4.5,0,0,0,0,0,0,0,0,0,0,0,0,0,0,0,0,0,0,0,0,freeman,devonta freeman,d,freeman5300rbd,9/8/2019
bell7100rbl,73.9,Le'Veon Bell,7100,NYJ,BUF,0,0,17.7,29,7.4,1.3,2.5,8,23.2,16.4,4,92,0,0,4,0,43,1.6,0,21.8,19.3,0.8,-2.5,41,57,0,0,0,0,0,0,0,0,0,0,0,0,0,0,0,0,0,0,0,0,0,0,0,0,0,77,0.44,1,0,0,0,0,0,0,0,3,0,0,1600,0,0,0,0,0,21,0,0,1,RB,0,0,0,0,0,0,0,0,0,0,0,0,0,0,0,0,0,0,0,0,0,0,0,0,0,0,0,0,0,0,bell,le'veon bell,l,bell7100rbl,9/8/2019
montgomery3200rbt,73.71,Ty Montgomery,3200,NYJ,BUF,0,0,6.4,12.4,0.8,1.05,2,1,0.4,5.35,-8,54,0,0,2,0,93,1.6,20,21.8,19.3,0.8,-2.5,41,57,0,0,0,0,0,0,0,0,0,0,0,0,0,0,0,0,3,8,14,4.6,0.1,56.1,0.6,0.2,0.13,77,0.44,1,0,0,0,0,0,0,0,3,4.6,-0.2,-2300,0.76,0.23,45,27,36,22,0,0,1,RB,9.1,9,28.5,2,1,18,10,9.4,0,4.5,16.7,50,0,0,0,0,0,0,0,0,0,0,0,0,0,0,0,0,0,0,montgomery,ty montgomery,t,montgomery3200rbt,9/8/2019
chubb6400rbn,73.38,Nick Chubb,6400,CLE,TEN,0,0,18.2,26,6.7,3.78,2.8,25,11.5,14.42,-7,57,0,0,6,0,50,-4,24,24.8,19.3,-0.5,-5.5,44,67,0,0,0,0,0,0,0,0,0,0,0,0,0,0,0,0,12,25,62,5.2,0.5,50,1.94,1.19,0.56,71,0.61,1,0,0,0,0,0,0,0,2,12.9,0.6,900,0.95,0.54,60,25,25,20,0,0,1,RB,53.3,52.6,36.2,1,1,9,5,7.5,0.1,2.2,19.2,46.2,0,0,0,0,0,0,0,0,0,0,0,0,0,0,0,0,0,0,chubb,nick chubb,n,chubb6400rbn,9/8/2019
jones3900rbr,73.31,Ronald Jones,3900,TB,SF,0,0,5.4,12.1,0.4,-1.93,1.4,1,10.3,7.33,-9,52,0,0,2,0,93,1.3,11,26,25,1.5,-1,51,57,0,0,0,0,0,0,0,0,0,0,0,0,0,0,0,0,2,2,5,1.9,0.1,30.4,0.62,0.15,0.15,89,0.58,1,0,0,0,0,0,0,0,4,1.6,-0.9,-1600,0.4,0.14,14,4,47,21,0,0,1,RB,16.7,5.5,16.1,1,0,4,3,4.7,0,2.9,20,60,0,0,0,0,0,0,0,0,0,0,0,0,0,0,0,0,0,0,jones,ronald jones,r,jones3900rbr,9/8/2019
coleman5000rbt,72.88,Tevin Coleman,5000,SF,TB,0,0,10.8,20.7,3.8,0.35,2.2,4,7.6,10.45,-1,78,0,0,2,0,61,0,36,25,26,0.5,1,51,43,0,0,0,0,0,0,0,0,0,0,0,0,0,0,0,0,10,19,52,4.9,0.2,44.3,1.67,0.87,0.53,89,0.58,1,0,0,0,0,0,0,0,3,13,1.7,-500,0.97,0.36,75,30,10,20,0,0,1,RB,30,52.1,55.1,2,2,16,10,8.1,0.3,5.1,0,46.7,0,0,0,0,0,0,0,0,0,0,0,0,0,0,0,0,0,0,coleman,tevin coleman,t,coleman5000rbt,9/8/2019
thompson3000rbd,72.44,Darwin Thompson,3000,KC,JAX,0,0,4.2,10.2,0.1,-0.58,1.4,1,1.3,4.78,-18,30,0,0,2,0,88,2.1,0,26.3,22.8,-2.5,-3.5,49,72,0,0,0,0,0,0,0,0,0,0,0,0,0,0,0,0,0,0,0,0,0,0,0,0,0,94,0.5,1,0,0,0,0,0,0,0,4,0,0,-2500,0,0,0,0,0,4,0,0,1,RB,0,0,0,0,0,0,0,0,0,0,0,0,0,0,0,0,0,0,0,0,0,0,0,0,0,0,0,0,0,0,thompson,darwin thompson,d,thompson3000rbd,9/8/2019
mccaffrey8800rbc,70.98,C. McCaffrey,8800,CAR,LA,0,0,23.2,35.9,9.1,1.98,2.6,30,45.9,21.22,0,82,0,0,7,0,4,0.4,60,24,25.5,-0.3,1.5,49.5,30,0,0,0,0,0,0,0,0,0,0,0,0,0,0,0,0,13,22,68,5,0.4,55.3,3.94,2.25,1.06,87,0.52,0,0,0,0,0,0,0,0,3,25.4,5,3300,1.17,0.42,72,40,9,22,0,0,1,RB,41.2,51.4,91.3,7,6,54,20,8.1,0.4,7.2,15.2,58.7,0,0,0,0,0,0,0,0,0,0,0,0,0,0,0,0,0,0,mccaffrey,c. mccaffrey,c,mccaffrey8800rbc,9/8/2019
anderson3900rbc,70.95,C.J. Anderson,3900,DET,ARI,0,0,6.5,13.4,0.6,-0.83,1.7,1,3.5,7.33,-5,63,0,0,2,0,65,2.8,13,24,21.5,-0.5,-2.5,45.5,72,0,0,0,0,0,0,0,0,0,0,0,0,0,0,0,0,6,10,36,6,0.2,67.2,1.15,0.62,0.31,0,0,0,0,0,0,0,0,0,0,3,8.9,2.2,-1600,1.29,0.69,40,25,35,20,0,0,1,RB,12.5,24.1,21.4,0,0,3,2,8.2,0.1,2.7,15.4,69.2,0,0,0,0,0,0,0,0,0,0,0,0,0,0,0,0,0,0,anderson,c.j. anderson,c,anderson3900rbc,9/8/2019
johnson3000rbt,70.25,Ty Johnson,3000,DET,ARI,0,0,3.5,7.2,0,-1.28,1.2,1,0.6,4.78,-23,21,0,0,2,0,88,2.8,0,24,21.5,-0.5,-2.5,45.5,72,0,0,0,0,0,0,0,0,0,0,0,0,0,0,0,0,0,0,0,0,0,0,0,0,0,0,0,0,0,0,0,0,0,0,0,3,0,0,-2500,0,0,0,0,0,4,0,0,1,RB,0,0,0,0,0,0,0,0,0,0,0,0,0,0,0,0,0,0,0,0,0,0,0,0,0,0,0,0,0,0,johnson,ty johnson,t,johnson3000rbt,9/8/2019
pollard4500rbt,69.64,Tony Pollard,4500,DAL,NYG,0,0,8.6,16.4,1.9,-0.43,1.9,1,2.4,9.03,1,86,0,0,1,0,41,3.4,0,25.5,18.5,-1.5,-7,44,67,0,0,0,0,0,0,0,0,0,0,0,0,0,0,0,0,0,0,0,0,0,0,0,0,0,0,0,0,0,0,0,0,0,0,0,4,0,0,-1000,0,0,0,0,0,4,0,0,1,RB,0,0,0,0,0,0,0,0,0,0,0,0,0,0,0,0,0,0,0,0,0,0,0,0,0,0,0,0,0,0,pollard,tony pollard,t,pollard4500rbt,9/8/2019
williams6300rbd,68.99,Damien Williams,6300,KC,JAX,0,0,12.7,20.2,4.1,-1.43,2,4,18.5,14.13,-5,63,0,0,2,0,38,2.1,15,26.3,22.8,-2.5,-3.5,49,72,0,0,0,0,0,0,0,0,0,0,0,0,0,0,0,0,3,6,19,5.1,0.3,62,1.06,0.63,0.63,94,0.5,1,0,0,0,0,0,0,0,4,11.2,5.4,800,1.97,0.75,41,29,41,24,0,0,1,RB,28.6,16.3,24,1,1,12,5,7,0.2,3.3,40,80,0,0,0,0,0,0,0,0,0,0,0,0,0,0,0,0,0,0,williams,damien williams,d,williams6300rbd,9/8/2019
thompson3500rbc,68.87,Chris Thompson,3500,WAS,PHI,0,0,7.6,12.8,0.3,1.4,2.2,4,14.8,6.2,-20,26,0,0,2,0,91,-0.3,30,16.8,27.3,-2,10.5,44,34,0,0,0,0,0,0,0,0,0,0,0,0,0,0,0,0,4,9,17,4.1,0,30.2,0.6,0.33,0.2,79,0.41,1,0,0,0,0,0,0,0,3,6.6,-1.1,-2000,0.67,0.22,37,8,41,24,0,0,1,RB,0,16,49.3,5,4,26,9,6.5,0.1,4.3,0,0,0,0,0,0,0,0,0,0,0,0,0,0,0,0,0,0,0,0,thompson,chris thompson,c,thompson3500rbc,9/8/2019
mack5600rbm,68.54,Marlon Mack,5600,IND,LAC,0,0,12,18,3.7,-0.15,2.1,4,28.4,12.15,-9,52,0,0,1,0,61,6,36,19.3,25.3,-3.2,6,44.5,45,0,0,0,0,0,0,0,0,0,0,0,0,0,0,0,0,16,17,75,4.7,0.8,58.5,3.42,2.08,1.08,75,0.59,1,0,0,0,0,0,0,0,2,15.5,2.8,100,0.85,0.43,45,25,20,24,0,0,1,RB,69.2,62.6,54,2,1,8,7,6.1,0.1,3.6,25,61.1,0,0,0,0,0,0,0,0,0,0,0,0,0,0,0,0,0,0,mack,marlon mack,m,mack5600rbm,9/8/2019
edwards3100rbg,68.27,Gus Edwards,3100,BAL,MIA,0,0,2.9,6.7,0,-2.16,0.9,1,5.6,5.06,-25,17,0,0,4,0,93,-0.2,26,24,17,3.5,-7,41,78,0,0,0,0,0,0,0,0,0,0,0,0,0,0,0,0,12,16,65,5.2,0.2,62.8,1.45,0.64,0.18,90,0.66,1,0,0,0,0,0,0,0,3,10.7,0.1,-2400,0.84,0.41,53,20,13,15,0,0,1,RB,15.4,36.5,36.4,0,0,1,1,10,0,1.8,12.5,50,0,0,0,0,0,0,0,0,0,0,0,0,0,0,0,0,0,0,edwards,gus edwards,g,edwards3100rbg,9/8/2019
penny4900rbr,67.75,Rashaad Penny,4900,SEA,CIN,0,0,8.7,15.1,1.8,-1.46,1.8,1,1.8,10.16,-1,78,0,0,1,0,50,0.2,15,26.8,17.3,1.3,-9.5,44,66,0,0,0,0,0,0,0,0,0,0,0,0,0,0,0,0,7,13,34,4.9,0.2,40,0.63,0.19,0.06,67,0.77,33,0,0,0,0,0,0,0,3,4.5,-1.9,-600,0.56,0.3,32,14,53,28,0,0,1,RB,20,23.1,22.8,1,0,6,3,8.3,0,2.1,22.2,33.3,0,0,0,0,0,0,0,0,0,0,0,0,0,0,0,0,0,0,penny,rashaad penny,r,penny4900rbr,9/8/2019
mixon6700rbj,67.62,Joe Mixon,6700,CIN,SEA,0,0,15.3,23.7,5.2,0.03,2.3,4,3.7,15.27,1,86,0,0,4,0,54,0.8,42,17.3,26.8,-0.7,9.5,44,34,0,0,0,0,0,0,0,0,0,0,0,0,0,0,0,0,16,26,83,4.9,0.6,48.9,2.67,1.67,0.93,67,0.77,33,0,0,0,0,0,0,0,4,16.5,1.2,1200,0.81,0.39,42,28,33,21,0,0,1,RB,80,77,69.3,3,3,21,10,6.9,0.1,4.7,25,50,0,0,0,0,0,0,0,0,0,0,0,0,0,0,0,0,0,0,mixon,joe mixon,j,mixon6700rbj,9/8/2019
mccoy4600rbl,67.18,LeSean McCoy,4600,KC,JAX,0,0,6.3,13.2,0.4,-3.01,1.4,4,10.3,9.31,-19,28,0,0,3,0,58,2.1,34,26.3,22.8,-2.5,-3.5,49,72,0,0,0,0,0,0,0,0,0,0,0,0,0,0,0,0,11,11,36,3.2,0.2,36.6,1.6,0.67,0.27,94,0.5,1,0,0,0,0,0,0,0,3,9.1,-0.9,-900,0.62,0.27,57,9,19,21,0,0,1,RB,23.1,29.6,52.9,3,2,17,8,7,0,3.8,9.1,40.9,0,0,0,0,0,0,0,0,0,0,0,0,0,0,0,0,0,0,mccoy,lesean mccoy,l,mccoy4600rbl,9/8/2019
barkley9000rbs,66.85,Saquon Barkley,9000,NYG,DAL,0,0,22.9,34,9.3,1.11,2.5,25,20.9,21.79,1,86,0,0,8,0,5,3.6,53,18.5,25.5,-1,7,44,33,0,0,0,0,0,0,0,0,0,0,0,0,0,0,0,0,16,32,81,5,0.7,41,4.06,2.19,1.19,0,0,0,0,0,0,0,0,0,0,3,25.5,4.9,3500,1.09,0.48,73,46,11,26,0,0,1,RB,84.6,79.2,83,7,5,45,21,7.9,0.3,6,14,38,0,0,0,0,0,0,0,0,0,0,0,0,0,0,0,0,0,0,barkley,saquon barkley,s,barkley9000rbs,9/8/2019
hines3900rbn,66.62,Nyheim Hines,3900,IND,LAC,0,0,6.7,10.4,0.4,-0.63,1.7,1,5.7,7.33,-17,32,0,0,3,0,65,6,31,19.3,25.3,-3.2,6,44.5,45,0,0,0,0,0,0,0,0,0,0,0,0,0,0,0,0,5,7,19,3.7,0.1,47.1,2,0.63,0.31,75,0.59,1,0,0,0,0,0,0,0,2,9.7,2,-1600,0.94,0.31,72,40,9,22,0,0,1,RB,15.4,18.3,44,4,3,26,13,6.7,0.1,4.2,9.1,45.5,0,0,0,0,0,0,0,0,0,0,0,0,0,0,0,0,0,0,hines,nyheim hines,n,hines3900rbn,9/8/2019
juszczyk3000rbk,66.58,Kyle Juszczyk,3000,SF,TB,0,0,2.7,8.6,0.1,-2.08,0.9,1,0,4.78,-21,24,0,0,2,0,91,0,41,25,26,0.5,1,51,43,0,0,0,0,0,0,0,0,0,0,0,0,0,0,0,0,0,1,1,3.8,0,37.5,0.56,0.25,0.06,89,0.58,1,0,0,0,0,0,0,0,3,4.3,-1.1,-2500,1.42,0.1,68,9,18,22,0,0,1,RB,0,1.6,62.7,2,1,20,14,10.8,0.1,6.7,0,33.3,0,0,0,0,0,0,0,0,0,0,0,0,0,0,0,0,0,0,juszczyk,kyle juszczyk,k,juszczyk3000rbk,9/8/2019
hilliard3000rbd,66.05,Dontrell Hilliard,3000,CLE,TEN,0,0,5.3,10.8,0.3,0.52,1.8,1,8.8,4.78,-15,36,0,0,1,0,95,-4,6,24.8,19.3,-0.5,-5.5,44,67,0,0,0,0,0,0,0,0,0,0,0,0,0,0,0,0,0,0,0,0,0,0,0,0,0,71,0.61,1,0,0,0,0,0,0,0,2,1.9,-0.5,-2500,0.88,0.31,28,7,42,14,0,0,1,RB,0,0,10.4,1,1,11,8,11.7,0,7.2,0,0,0,0,0,0,0,0,0,0,0,0,0,0,0,0,0,0,0,0,hilliard,dontrell hilliard,d,hilliard3000rbd,9/8/2019
hill3600rbj,66.02,Justice Hill,3600,BAL,MIA,0,0,5.3,10.1,0.4,-1.18,1.5,1,2.7,6.48,-19,28,0,0,1,0,65,-0.2,0,24,17,3.5,-7,41,78,0,0,0,0,0,0,0,0,0,0,0,0,0,0,0,0,0,0,0,0,0,0,0,0,0,90,0.66,1,0,0,0,0,0,0,0,3,0,0,-1900,0,0,0,0,0,4,0,0,1,RB,0,0,0,0,0,0,0,0,0,0,0,0,0,0,0,0,0,0,0,0,0,0,0,0,0,0,0,0,0,0,hill,justice hill,j,hill3600rbj,9/8/2019
prosise3000rbc,65.83,CJ Prosise,3000,SEA,CIN,0,0,2.6,5.4,0,-2.18,0.9,1,0,4.78,-30,11,0,0,1,0,88,0.2,7,26.8,17.3,1.3,-9.5,44,66,0,0,0,0,0,0,0,0,0,0,0,0,0,0,0,0,0,0,0,-3,0,0,0,0,0,67,0.77,33,0,0,0,0,0,0,0,3,0.5,-0.6,-2500,0.54,0.08,5,0,47,17,0,0,1,RB,0,-0.5,11.7,0,0,5,2,7.3,0,1.8,0,0,0,0,0,0,0,0,0,0,0,0,0,0,0,0,0,0,0,0,prosise,cj prosise,c,prosise3000rbc,9/8/2019
singletary3600rbd,65.18,Devin Singletary,3600,BUF,NYJ,0,0,7.3,13.8,0.3,0.82,2,4,14.8,6.48,-16,34,0,0,1,0,93,-2.4,0,19.3,21.8,1.8,2.5,41,43,0,0,0,0,0,0,0,0,0,0,0,0,0,0,0,0,0,0,0,0,0,0,0,0,0,77,0.44,1,0,0,0,0,0,0,0,3,0,0,-1900,0,0,0,0,0,4,0,0,1,RB,0,0,0,0,0,0,0,0,0,0,0,0,0,0,0,0,0,0,0,0,0,0,0,0,0,0,0,0,0,0,singletary,devin singletary,d,singletary3600rbd,9/8/2019
gurley7900rbt,65.02,Todd Gurley,7900,LA,CAR,0,0,17.1,29,8,-1.57,2.2,12,11.1,18.67,1,86,0,0,5,0,1,0.1,58,25.5,24,-1.3,-1.5,49.5,70,0,0,0,0,0,0,0,0,0,0,0,0,0,0,0,0,18,19,89,4.9,1.2,57,5.25,2.75,1.5,87,0.52,0,0,0,0,0,0,0,0,4,21.8,2.2,2400,0.99,0.41,58,34,27,29,0,0,1,RB,89.5,69.2,86,5,4,41,19,9.8,0.3,7.6,26.6,50,0,0,0,0,0,0,0,0,0,0,0,0,0,0,0,0,0,0,gurley,todd gurley,t,gurley7900rbt,9/8/2019
sproles3100rbd,63.71,Darren Sproles,3100,PHI,WAS,0,0,2.3,4.7,0,-2.76,0.7,1,11.3,5.06,-32,9,0,0,3,0,88,-0.9,23,27.3,16.8,-0.5,-10.5,44,66,0,0,0,0,0,0,0,0,0,0,0,0,0,0,0,0,4,12,22,4.6,0.2,41.7,0.8,0.3,0.2,79,0.41,1,0,0,0,0,0,0,0,3,5.4,0.4,-2400,0.67,0.23,40,24,24,25,0,0,1,RB,25,23.9,33.7,3,2,27,16,12.5,0.4,6.4,20,40,0,0,0,0,0,0,0,0,0,0,0,0,0,0,0,0,0,0,sproles,darren sproles,d,sproles3100rbd,9/8/2019
gallman3000rbw,62.63,Wayne Gallman,3000,NYG,DAL,0,0,3.2,6.8,0,-1.58,1.1,1,13.1,4.78,-24,19,0,0,2,0,88,3.6,10,18.5,25.5,-1,7,44,33,0,0,0,0,0,0,0,0,0,0,0,0,0,0,0,0,3,4,11,3.5,0.1,39.2,1.06,0.38,0.25,0,0,0,0,0,0,0,0,0,0,3,2.6,-3.5,-2500,0.55,0.26,41,4,41,24,0,0,1,RB,7.7,11,16.1,1,0,5,5,6.4,0,2.9,7.1,57.1,0,0,0,0,0,0,0,0,0,0,0,0,0,0,0,0,0,0,gallman,wayne gallman,w,gallman3000rbw,9/8/2019
smith4000rbi,62.59,Ito Smith,4000,ATL,MIN,0,0,6.5,11,0.2,-1.11,1.6,1,5,7.61,-13,41,0,0,1,0,65,0,23,21.8,25.3,0.5,3.5,47,60,0,0,0,0,0,0,0,0,0,0,0,0,0,0,0,0,6,9,24,3.5,0.3,47.8,1.92,0.77,0.31,0,0,0,0,0,0,0,0,0,0,3,7.4,1.1,-1500,0.79,0.32,75,25,0,20,0,0,1,RB,44.4,26.3,35.8,2,2,11,8,5.6,0,4.7,19,47.6,0,0,0,0,0,0,0,0,0,0,0,0,0,0,0,0,0,0,smith,ito smith,i,smith4000rbi,9/8/2019
mattison3800rba,62.11,A. Mattison,3800,MIN,ATL,0,0,4.5,11,0.7,-2.55,1.2,1,4.9,7.05,-13,41,0,0,0,0,54,0.5,0,25.3,21.8,-0.5,-3.5,47,40,0,0,0,0,0,0,0,0,0,0,0,0,0,0,0,0,0,0,0,0,0,0,0,0,0,0,0,0,0,0,0,0,0,0,0,3,0,0,-1700,0,0,0,0,0,3,0,0,1,RB,0,0,0,0,0,0,0,0,0,0,0,0,0,0,0,0,0,0,0,0,0,0,0,0,0,0,0,0,0,0,mattison,a. mattison,a,mattison3800rba,9/8/2019
drake4700rbk,61.72,Kenyan Drake,4700,MIA,BAL,0,0,10.3,19.1,3.2,0.7,2.2,1,4.7,9.6,6,95,0,0,2,0,61,-1.7,34,17,24,0.5,7,41,22,0,0,0,0,0,0,0,0,0,0,0,0,0,0,0,0,7,14,33,4.5,0.3,45,1.19,0.44,0.19,90,0.66,1,0,0,0,0,0,0,0,3,13.8,3.1,-800,1.18,0.41,73,43,8,23,0,0,1,RB,57.1,30.8,59.2,4,3,29,16,9,0.3,8.8,25,50,0,0,0,0,0,0,0,0,0,0,0,0,0,0,0,0,0,0,drake,kenyan drake,k,drake4700rbk,9/8/2019
henry5900rbd,61.33,Derrick Henry,5900,TEN,CLE,0,0,12.1,23.4,3.6,-0.9,2.1,4,28.9,13,0,82,0,0,3,0,46,-2.2,25,19.3,24.8,-0.5,5.5,44,33,0,0,0,0,0,0,0,0,0,0,0,0,0,0,0,0,13,19,66,4.9,0.8,51.2,2.81,1.38,1.06,71,0.61,1,0,0,0,0,0,0,0,2,11.9,2.6,400,0.77,0.47,65,26,21,23,0,0,1,RB,80,52.3,40.9,0,0,6,5,6.6,0,3.5,23.3,74.4,0,0,0,0,0,0,0,0,0,0,0,0,0,0,0,0,0,0,henry,derrick henry,d,henry5900rbd,9/8/2019
edmonds3100rbc,61.06,Chase Edmonds,3100,ARI,DET,0,0,4.5,8.6,0,-0.56,1.5,1,0.5,5.06,-21,24,0,0,1,0,97,-2.4,12,21.5,24,-3,2.5,45.5,28,0,0,0,0,0,0,0,0,0,0,0,0,0,0,0,0,3,8,13,3.5,0.1,45,0.5,0.31,0,0,0,0,0,0,0,0,0,0,0,2,3.7,-3.6,-2400,0.72,0.31,35,5,50,20,0,0,1,RB,22.2,15.5,21.1,1,1,6,3,5.2,0,2.4,25,62.5,0,0,0,0,0,0,0,0,0,0,0,0,0,0,0,0,0,0,edmonds,chase edmonds,c,edmonds3100rbc,9/8/2019
henderson4800rbd,60.29,Darrell Henderson,4800,LA,CAR,0,0,6.7,13.6,0.9,-3.18,1.4,1,0,9.88,-4,67,0,0,1,0,38,0.1,0,25.5,24,-1.3,-1.5,49.5,70,0,0,0,0,0,0,0,0,0,0,0,0,0,0,0,0,0,0,0,0,0,0,0,0,0,87,0.52,0,0,0,0,0,0,0,0,4,0,0,-700,0,0,0,0,0,4,0,0,1,RB,0,0,0,0,0,0,0,0,0,0,0,0,0,0,0,0,0,0,0,0,0,0,0,0,0,0,0,0,0,0,henderson,darrell henderson,d,henderson4800rbd,9/8/2019
clement3200rbc,59.3,Corey Clement,3200,PHI,WAS,0,0,2.7,6.3,0,-2.65,0.8,1,0,5.35,-28,13,0,0,1,0,61,-0.9,22,27.3,16.8,-0.5,-10.5,44,66,0,0,0,0,0,0,0,0,0,0,0,0,0,0,0,0,6,11,23,3.7,0.2,47.6,1.45,0.36,0.18,79,0.41,1,0,0,0,0,0,0,0,3,7.4,0.3,-2300,0.86,0.34,47,26,21,19,0,0,1,RB,28.6,24.2,33.8,2,2,19,10,8.7,0,4.5,14.3,50,0,0,0,0,0,0,0,0,0,0,0,0,0,0,0,0,0,0,clement,corey clement,c,clement3200rbc,9/8/2019
johnson7700rbd,59.23,David Johnson,7700,ARI,DET,0,0,18.3,32.7,7.9,0.2,2.4,12,25.7,18.1,6,95,0,0,4,0,7,-2.4,46,21.5,24,-3,2.5,45.5,28,0,0,0,0,0,0,0,0,0,0,0,0,0,0,0,0,16,14,58,3.6,0.4,38,2.44,1.5,0.56,0,0,0,0,0,0,0,0,0,0,2,15,-0.8,2200,0.73,0.33,62,8,25,24,0,0,1,RB,77.8,70,79.4,4,3,27,17,8.9,0.2,5.5,24.1,62.1,0,0,0,0,0,0,0,0,0,0,0,0,0,0,0,0,0,0,johnson,david johnson,d,johnson7700rbd,9/8/2019
gore3800rbf,58.54,Frank Gore,3800,BUF,NYJ,0,0,7.1,15,0.4,0.05,1.9,1,2,7.05,-2,74,0,0,1,0,54,-2.4,23,19.3,21.8,1.8,2.5,41,43,0,0,0,0,0,0,0,0,0,0,0,0,0,0,0,0,11,16,51,4.6,0,50,1.14,0.43,0.07,77,0.44,1,0,0,0,0,0,0,0,3,7.8,0.9,-1700,0.64,0.34,66,28,9,21,0,0,1,RB,0,45.8,40.7,1,0,8,8,10.3,0.1,6.6,0,38.5,0,0,0,0,0,0,0,0,0,0,0,0,0,0,0,0,0,0,gore,frank gore,f,gore3800rbf,9/8/2019
lewis4700rbd,58.21,Dion Lewis,4700,TEN,CLE,0,0,8.9,16.2,1.3,-0.7,1.9,1,4.3,9.6,0,82,0,0,2,0,46,-2.2,37,19.3,24.8,-0.5,5.5,44,33,0,0,0,0,0,0,0,0,0,0,0,0,0,0,0,0,9,11,32,3.3,0.1,32.9,2,0.81,0.31,71,0.61,1,0,0,0,0,0,0,0,2,10.4,0.3,-800,0.77,0.28,62,20,25,24,0,0,1,RB,6.7,25.6,60.8,3,3,25,12,6.8,0.1,5,4.3,52.2,0,0,0,0,0,0,0,0,0,0,0,0,0,0,0,0,0,0,lewis,dion lewis,d,lewis4700rbd,9/8/2019
elliott9200rbe,57.75,Ezekiel Elliott,9200,DAL,NYG,0,0,16.5,29.5,7.5,-5.85,1.8,12,13.3,22.35,4,92,0,0,5,0,2,3.4,59,25.5,18.5,-1.5,-7,44,67,0,0,0,0,0,0,0,0,0,0,0,0,0,0,0,0,20,21,95,4.7,0.4,49.7,3.5,1.75,0.69,0,0,0,0,0,0,0,0,0,0,4,20.8,1.9,3700,0.78,0.35,78,25,9,32,0,0,1,RB,50,75,89.2,6,5,37,15,7.4,0.2,6.7,12.8,43.6,0,0,0,0,0,0,0,0,0,0,0,0,0,0,0,0,0,0,elliott,ezekiel elliott,e,elliott9200rbe,9/8/2019
bernard4100rbg,57.34,Giovani Bernard,4100,CIN,SEA,0,0,6.2,10.1,0.1,-1.7,1.5,1,8.3,7.9,-19,28,0,0,2,0,54,0.8,27,17.3,26.8,-0.7,9.5,44,34,0,0,0,0,0,0,0,0,0,0,0,0,0,0,0,0,4,6,17,3.8,0.3,41.1,0.92,0.54,0.23,67,0.77,33,0,0,0,0,0,0,0,4,7.4,-0.5,-1400,0.86,0.27,45,15,20,20,0,0,1,RB,30,16.1,44,3,2,18,12,6.2,0,5.2,33.3,44.4,0,0,0,0,0,0,0,0,0,0,0,0,0,0,0,0,0,0,bernard,giovani bernard,g,bernard4100rbg,9/8/2019
yeldon3300rbt,56.71,TJ Yeldon,3300,BUF,NYJ,0,0,5.3,11.2,0.2,-0.33,1.6,1,0,5.63,-11,46,0,0,1,0,61,-2.4,36,19.3,21.8,1.8,2.5,41,43,0,0,0,0,0,0,0,0,0,0,0,0,0,0,0,0,7,9,29,4,0.1,47.1,1,0.44,0.19,77,0.44,1,0,0,0,0,0,0,0,3,10.3,-0.3,-2200,0.81,0.29,41,25,41,24,0,0,1,RB,16.7,26.4,54.8,5,3,34,15,8.9,0.3,6.1,8.3,58.3,0,0,0,0,0,0,0,0,0,0,0,0,0,0,0,0,0,0,yeldon,tj yeldon,t,yeldon3300rbt,9/8/2019
smallwood3200rbw,55.63,Wendell Smallwood,3200,WAS,PHI,0,0,2.5,5.3,0,-2.85,0.8,1,0,5.35,-31,10,0,0,2,0,88,-0.3,21,16.8,27.3,-2,10.5,44,34,0,0,0,0,0,0,0,0,0,0,0,0,0,0,0,0,5,6,24,4.2,0.2,51.7,1.47,0.53,0.2,79,0.41,1,0,0,0,0,0,0,0,3,7.5,1.7,-2300,0.92,0.36,65,26,17,23,0,0,1,RB,30,25,31.6,2,1,15,10,8.2,0.1,4.4,18.8,43.8,0,0,0,0,0,0,0,0,0,0,0,0,0,0,0,0,0,0,smallwood,wendell smallwood,w,smallwood3200rbw,9/8/2019
brown3800rbm,55.25,Malcolm Brown,3800,LA,CAR,0,0,2.7,5.7,0,-4.35,0.7,1,17.3,7.05,-29,12,0,0,1,0,54,0.1,11,25.5,24,-1.3,-1.5,49.5,70,0,0,0,0,0,0,0,0,0,0,0,0,0,0,0,0,3,7,19,4.9,0,67.4,0.56,0.19,0.06,87,0.52,0,0,0,0,0,0,0,0,4,2.6,-3,-1700,0.58,0.24,22,0,59,22,0,0,1,RB,0,14,16.3,0,0,4,3,10.4,0.1,3.9,0,37.5,0,0,0,0,0,0,0,0,0,0,0,0,0,0,0,0,0,0,brown,malcolm brown,m,brown3800rbm,9/8/2019
ballage4500rbk,51.67,Kalen Ballage,4500,MIA,BAL,0,0,6.6,11.9,0.1,-2.43,1.5,1,2.2,9.03,-10,49,0,0,1,0,58,-1.7,8,17,24,0.5,7,41,22,0,0,0,0,0,0,0,0,0,0,0,0,0,0,0,0,3,10,17,5.3,0.1,41.7,0.25,0,0,90,0.66,1,0,0,0,0,0,0,0,3,3.3,-0.1,-1000,0.81,0.42,19,4,33,21,0,0,1,RB,25,17.5,14.6,0,0,5,3,6.2,0,2.1,0,0,0,0,0,0,0,0,0,0,0,0,0,0,0,0,0,0,0,0,ballage,kalen ballage,k,ballage4500rbk,9/8/2019
westbrook4800wrd,86.21,Dede Westbrook,4800,JAX,KC,0,0,13.2,22.6,0.5,3.48,2.8,30,14.2,9.72,-20,42,0,0,6,0,49,3.9,50,22.8,26.3,-1,3.5,49,28,0,0,0,0,0,0,0,0,0,0,0,0,0,0,0,0,0,0,0,0,0,0,0.88,0.44,0,94,0.5,1,0,0,0,0,0,0,0,3,12.5,2.6,-700,1.63,0.25,75,33,8,24,0,0,1,WR,0,0,0,6,4,44,21,10.9,0.3,6.5,23.1,0,19.2,33.3,20.9,0,0,0,0,0,0,0,0,0,0,0,0,0,0,0,westbrook,dede westbrook,d,westbrook4800wrd,9/8/2019
samuel4200wrc,84.7,Curtis Samuel,4200,CAR,LA,0,0,10.7,19.1,0.2,2.62,2.5,16,6.2,8.08,-19,44,0,0,6,0,94,1.2,35,24,25.5,-0.3,1.5,49.5,30,0,0,0,0,0,0,0,0,0,0,0,0,0,0,0,0,0,0,0,0,0,0,0.71,0.36,0.14,87,0.52,0,0,0,0,0,0,0,0,3,8.8,1.2,-1300,1.61,0.25,52,30,21,23,0,0,1,WR,0,0,0,4,3,38,19,12.7,0.4,7.4,33.3,0,14.9,21.7,14.4,0,0,0,0,0,0,0,0,0,0,0,0,0,0,0,samuel,curtis samuel,c,samuel4200wrc,9/8/2019
thielen6800wra,82.94,Adam Thielen,6800,MIN,ATL,0,0,16.3,27.3,1.7,1.14,2.4,25,13.3,15.16,-3,74,0,0,5,0,38,2.1,63,25.3,21.8,-0.5,-3.5,47,40,0,0,0,0,0,0,0,0,0,0,0,0,0,0,0,0,0,0,0,0,0,0,1.38,0.5,0.38,0,0,0,0,0,0,0,0,0,0,3,20.3,1.9,1300,2.15,0.32,60,36,28,25,0,0,1,WR,0,0,0,9,7,85,27,12.2,0.6,8.4,27.3,0,26.2,30,31.9,0,0,0,0,0,0,0,0,0,0,0,0,0,0,0,thielen,adam thielen,a,thielen6800wra,9/8/2019
lockett6000wrt,82.82,Tyler Lockett,6000,SEA,CIN,0,0,16,23.4,1.7,3.02,2.7,25,11.4,12.98,-9,61,0,0,6,0,42,0.7,56,26.8,17.3,1.3,-9.5,44,66,0,0,0,0,0,0,0,0,0,0,0,0,0,0,0,0,0,0,0,0,0,0,0.44,0.19,0,67,0.77,33,0,0,0,0,0,0,0,3,14.6,3.1,500,2.96,0.26,80,38,6,31,0,0,1,WR,0,0,0,4,3,60,31,16.9,0.6,14,50,0,17.6,28.6,28,0,0,0,0,0,0,0,0,0,0,0,0,0,0,0,lockett,tyler lockett,t,lockett6000wrt,9/8/2019
godwin6200wrc,81.19,Chris Godwin,6200,TB,SF,0,0,14.9,23.2,0.9,1.38,2.4,25,14.3,13.52,-10,59,0,0,4,0,39,1.7,44,26,25,1.5,-1,51,57,0,0,0,0,0,0,0,0,0,0,0,0,0,0,0,0,0,0,0,0,0,0,1,0.69,0.25,89,0.58,1,0,0,0,0,0,0,0,4,12.8,3.5,700,2.25,0.29,68,40,13,22,0,0,1,WR,0,0,0,5,3,52,19,14.3,0.4,8.8,37.5,0,15.7,19.4,15.7,0,0,0,0,0,0,0,0,0,0,0,0,0,0,0,godwin,chris godwin,c,godwin6200wrc,9/8/2019
boyd5800wrt,80.57,Tyler Boyd,5800,CIN,SEA,0,0,15.6,25.7,2,3.16,2.7,8,14.3,12.44,4,90,0,0,6,0,49,-0.8,55,17.3,26.8,-0.7,9.5,44,34,0,0,0,0,0,0,0,0,0,0,0,0,0,0,0,0,0,0,0,0,0,0,0.69,0.25,0.06,67,0.77,33,0,0,0,0,0,0,0,4,13.9,2.9,300,1.67,0.25,47,28,33,21,0,0,1,WR,0,0,0,7,5,73,25,13.5,0.5,9,45.5,0,22.6,28,30.8,0,0,0,0,0,0,0,0,0,0,0,0,0,0,0,boyd,tyler boyd,t,boyd5800wrt,9/8/2019
williams5300wrm,80.51,Mike Williams,5300,LAC,IND,0,0,12.5,22.8,1.8,1.42,2.4,8,4.9,11.08,-8,63,0,0,4,0,49,0.2,38,25.3,19.3,-0.2,-6,44.5,55,0,0,0,0,0,0,0,0,0,0,0,0,0,0,0,0,0,0,0,0,0,0,1,0.56,0.25,75,0.59,1,0,0,0,0,0,0,0,3,11.7,3.3,-200,2.72,0.31,64,50,21,28,0,0,1,WR,0,0,0,3,2,41,22,15.4,0.6,9.3,50,0,13,31.3,15.4,0,0,0,0,0,0,0,0,0,0,0,0,0,0,0,williams,mike williams,m,williams5300wrm,9/8/2019
landry5600wrj,79.43,Jarvis Landry,5600,CLE,TEN,0,0,12.2,22.5,0.5,0.31,2.2,4,11.7,11.89,4,90,0,0,5,0,39,1.5,59,24.8,19.3,-0.5,-5.5,44,67,0,0,0,0,0,0,0,0,0,0,0,0,0,0,0,0,0,0,0,0,0,0,1.31,0.56,0.31,71,0.61,1,0,0,0,0,0,0,0,2,14.5,0.2,100,1.42,0.24,57,33,23,21,0,0,1,WR,0,0,0,9,5,61,24,12,0.3,6.5,10,0,27,13.8,22.9,0,0,0,0,0,0,0,0,0,0,0,0,0,0,0,landry,jarvis landry,j,landry5600wrj,9/8/2019
anderson5200wrr,79.26,Robbie Chosen,5200,NYJ,BUF,0,0,11.2,22.8,0.9,0.4,2.2,4,5.3,10.8,8,94,0,0,4,0,49,2.1,48,21.8,19.3,0.8,-2.5,41,57,0,0,0,0,0,0,0,0,0,0,0,0,0,0,0,0,0,0,0,0,0,0,0.56,0.31,0.25,77,0.44,1,0,0,0,0,0,0,0,3,10.5,2.2,-300,1.64,0.22,56,26,26,23,0,0,1,WR,0,0,0,6,3,53,26,15,0.4,9.8,22.2,0,21.7,35.3,24.1,0,0,0,0,0,0,0,0,0,0,0,0,0,0,0,anderson,robby anderson,r,anderson5200wrr,9/8/2019
diggs6700wrs,79.02,Stefon Diggs,6700,MIN,ATL,0,0,14.9,24.2,0.3,0.02,2.2,8,5.7,14.88,1,84,0,0,5,0,36,2.1,58,25.3,21.8,-0.5,-3.5,47,40,0,0,0,0,0,0,0,0,0,0,0,0,0,0,0,0,0,0,0,0,0,0,1.19,0.5,0.31,0,0,0,0,0,0,0,0,0,0,3,18,2.7,1200,1.81,0.31,50,29,37,24,0,0,1,WR,0,0,0,9,6,68,26,10,0.6,6.4,31.6,0,25.9,31,24.7,0,0,0,0,0,0,0,0,0,0,0,0,0,0,0,diggs,stefon diggs,s,diggs6700wrs,9/8/2019
jones8000wrj,78.27,Julio Jones,8000,ATL,MIN,0,0,20.6,29.7,0.9,2.18,2.6,20,15.1,18.42,5,91,0,0,8,0,36,-2.1,50,21.8,25.3,0.5,3.5,47,60,0,0,0,0,0,0,0,0,0,0,0,0,0,0,0,0,0,0,0,0,0,0,1,0.4,0.33,0,0,0,0,0,0,0,0,0,0,3,21.7,2.4,2500,2.15,0.43,61,38,19,21,0,0,1,WR,0,0,0,10,6,100,28,14.6,0.5,9.8,33.3,0,26.7,22.2,32.1,0,0,0,0,0,0,0,0,0,0,0,0,0,0,0,jones,julio jones,j,jones8000wrj,9/8/2019
evans7900wrm,77.95,Mike Evans,7900,TB,SF,0,0,17.8,29.5,2,-0.35,2.3,20,4.8,18.15,4,90,0,0,6,0,2,1.7,58,26,25,1.5,-1,51,57,0,0,0,0,0,0,0,0,0,0,0,0,0,0,0,0,0,0,0,0,0,0,0.94,0.44,0.19,89,0.58,1,0,0,0,0,0,0,0,4,20.7,3.1,2400,2.55,0.36,54,40,22,22,0,0,1,WR,0,0,0,8,5,95,35,17.7,0.5,10.5,26.7,0,22.4,22.2,28.4,0,0,0,0,0,0,0,0,0,0,0,0,0,0,0,evans,mike evans,m,evans7900wrm,9/8/2019
jeffery5900wra,77.38,Alshon Jeffery,5900,PHI,WAS,0,0,13.1,21,0.5,0.39,2.2,4,22.1,12.71,2,86,0,0,4,0,42,1.6,59,27.3,16.8,-0.5,-10.5,44,66,0,0,0,0,0,0,0,0,0,0,0,0,0,0,0,0,0,0,0,0,0,0,1.07,0.5,0.29,79,0.41,1,0,0,0,0,0,0,0,3,13.8,1.7,400,2.02,0.23,67,28,14,28,0,0,1,WR,0,0,0,6,5,64,24,13,0.5,8.6,40,0,19.9,22.2,22.2,0,0,0,0,0,0,0,0,0,0,0,0,0,0,0,jeffery,alshon jeffery,a,jeffery5900wra,9/8/2019
shepard5000wrs,76.61,Sterling Shepard,5000,NYG,DAL,0,0,12.4,20.1,0.6,2.14,2.5,8,10.2,10.26,-16,49,0,0,5,0,46,-0.5,58,18.5,25.5,-1,7,44,33,0,0,0,0,0,0,0,0,0,0,0,0,0,0,0,0,0,0,0,0,0,0,1.19,0.5,0.38,0,0,0,0,0,0,0,0,0,0,3,13.1,2.4,-500,2.01,0.23,76,26,7,26,0,0,1,WR,0,0,0,6,4,54,23,13.2,0.3,7.6,21.1,0,18.8,17.4,19.8,0,0,0,0,0,0,0,0,0,0,0,0,0,0,0,shepard,sterling shepard,s,shepard5000wrs,9/8/2019
kupp5700wrc,76.51,Cooper Kupp,5700,LA,CAR,0,0,13.7,22.8,0.2,1.54,2.4,4,11.6,12.16,8,94,0,0,4,0,49,-0.8,54,25.5,24,-1.3,-1.5,49.5,70,0,0,0,0,0,0,0,0,0,0,0,0,0,0,0,0,0,0,0,0,0,0,1.67,0.78,0,87,0.52,0,0,0,0,0,0,0,0,4,15.9,3,200,2.12,0.29,42,33,23,21,0,0,1,WR,0,0,0,7,5,70,32,14.2,0.8,9.1,23.1,0,20.8,35.3,21.5,0,0,0,0,0,0,0,0,0,0,0,0,0,0,0,kupp,cooper kupp,c,kupp5700wrc,9/8/2019
jackson4500wrd,76.45,DeSean Jackson,4500,PHI,WAS,0,0,9.7,20.6,0.9,0.8,2.2,4,38.4,8.9,1,84,0,0,4,0,49,1.6,37,27.3,16.8,-0.5,-10.5,44,66,0,0,0,0,0,0,0,0,0,0,0,0,0,0,0,0,0,0,0,0,0,0,0.44,0.06,0,79,0.41,1,0,0,0,0,0,0,0,3,9.7,1.2,-1000,1.61,0.26,54,18,27,22,0,0,1,WR,0,0,0,5,3,64,32,18.9,0.3,11.2,0,0,14.4,14.3,17.6,0,0,0,0,0,0,0,0,0,0,0,0,0,0,0,jackson,desean jackson,d,jackson4500wrd,9/8/2019
hilton6600wrt,76.4,TY Hilton,6600,IND,LAC,0,0,14.6,24.8,2,-0.01,2.2,8,28.7,14.61,3,88,0,0,5,0,49,-0.2,54,19.3,25.3,-3.2,6,44.5,45,0,0,0,0,0,0,0,0,0,0,0,0,0,0,0,0,0,0,0,0,0,0,1.29,0.79,0.64,75,0.59,1,0,0,0,0,0,0,0,2,17.8,2.5,1100,2.26,0.33,60,26,13,23,0,0,1,WR,0,0,0,7,5,90,35,16.7,0.4,9.8,27.8,0,22.3,18.8,32.3,0,0,0,0,0,0,0,0,0,0,0,0,0,0,0,hilton,ty hilton,t,hilton6600wrt,9/8/2019
chark3300wrd,75.8,DJ Chark,3300,JAX,KC,0,0,7.3,15.4,0,1.67,2.2,1,27.6,5.63,-2,77,0,0,2,0,91,3.9,26,22.8,26.3,-1,3.5,49,28,0,0,0,0,0,0,0,0,0,0,0,0,0,0,0,0,0,0,0,0,0,0,0.19,0.13,0.06,94,0.5,1,0,0,0,0,0,0,0,3,1.8,-1.8,-2200,0.61,0.07,18,9,59,22,0,0,1,WR,0,0,0,2,1,15,9,12.4,0,3.8,0,0,8,0,6.4,0,0,0,0,0,0,0,0,0,0,0,0,0,0,0,chark,dj chark,d,chark3300wrd,9/8/2019
cooper7000wra,75.67,Amari Cooper,7000,DAL,NYG,0,0,14.7,23.2,1.2,-1,2.1,8,25.6,15.7,-2,77,0,0,4,0,36,1,55,25.5,18.5,-1.5,-7,44,67,0,0,0,0,0,0,0,0,0,0,0,0,0,0,0,0,0,0,0,0,0,0,0.93,0.53,0.2,0,0,0,0,0,0,0,0,0,0,4,15.8,2,1500,2.17,0.29,55,33,29,27,0,0,1,WR,0,0,0,7,5,66,24,13.4,0.5,7.9,23.1,0,19.8,33.3,23.6,0,0,0,0,0,0,0,0,0,0,0,0,0,0,0,cooper,amari cooper,a,cooper7000wra,9/8/2019
crowder4100wrj,75.46,Jamison Crowder,4100,NYJ,BUF,0,0,9.8,16.1,0,1.99,2.4,4,24.3,7.81,-12,55,0,0,2,0,57,2.1,47,21.8,19.3,0.8,-2.5,41,57,0,0,0,0,0,0,0,0,0,0,0,0,0,0,0,0,0,0,0,0,0,0,0.36,0.07,0,77,0.44,1,0,0,0,0,0,0,0,3,6.6,0.6,-1400,1.09,0.14,45,18,27,22,0,0,1,WR,0,0,0,5,3,43,25,13.4,0.2,8,20,0,19.5,28.6,21.2,0,0,0,0,0,0,0,0,0,0,0,0,0,0,0,crowder,jamison crowder,j,crowder4100wrj,9/8/2019
jones3700wrz,75.44,Zay Jones,3700,BUF,NYJ,0,0,7.2,14.8,0,0.48,1.9,4,3.8,6.72,-21,41,0,0,2,0,57,6.2,58,19.3,21.8,1.8,2.5,41,43,0,0,0,0,0,0,0,0,0,0,0,0,0,0,0,0,0,0,0,0,0,0,1.13,0.25,0.13,77,0.44,1,0,0,0,0,0,0,0,3,10.3,3.1,-1800,1.39,0.18,70,40,10,20,0,0,1,WR,0,0,0,6,3,40,19,11.6,0.4,6.9,29.4,0,21.8,53.8,21.2,0,0,0,0,0,0,0,0,0,0,0,0,0,0,0,jones,zay jones,z,jones3700wrz,9/8/2019
kirk4700wrc,75.36,Christian Kirk,4700,ARI,DET,0,0,11.6,17.3,0.1,2.16,2.5,4,10.4,9.44,-8,63,0,0,3,0,57,-1,45,21.5,24,-3,2.5,45.5,28,0,0,0,0,0,0,0,0,0,0,0,0,0,0,0,0,0,0,0,0,0,0,0.5,0.17,0,0,0,0,0,0,0,0,0,0,0,2,10.4,2.1,-800,1.92,0.23,68,36,10,19,0,0,1,WR,0,0,0,5,3,49,27,13.7,0.3,8.3,20,0,19.5,25,28.5,0,0,0,0,0,0,0,0,0,0,0,0,0,0,0,kirk,christian kirk,c,kirk4700wrc,9/8/2019
quinn3400wrt,75.24,Trey Quinn,3400,WAS,PHI,0,0,8.3,13.6,0.5,2.39,2.4,1,13.3,5.91,-19,44,0,0,3,0,87,2.2,35,16.8,27.3,-2,10.5,44,34,0,0,0,0,0,0,0,0,0,0,0,0,0,0,0,0,0,0,0,0,0,0,0.25,0.13,0,79,0.41,1,0,0,0,0,0,0,0,3,2.3,0.7,-2100,0.62,0.06,9,9,45,11,0,0,1,WR,0,0,0,3,3,25,8,8.3,0.3,5.5,50,0,9.7,20,10.5,0,0,0,0,0,0,0,0,0,0,0,0,0,0,0,quinn,trey quinn,t,quinn3400wrt,9/8/2019
golladay6300wrk,75.22,Kenny Golladay,6300,DET,ARI,0,0,14.5,23,0.5,0.7,2.3,8,14.2,13.8,-5,69,0,0,5,0,38,-0.8,60,24,21.5,-0.5,-2.5,45.5,72,0,0,0,0,0,0,0,0,0,0,0,0,0,0,0,0,0,0,0,0,0,0,1,0.44,0.19,0,0,0,0,0,0,0,0,0,0,3,14.1,2.3,800,1.77,0.24,60,30,21,23,0,0,1,WR,0,0,0,7,4,70,26,15.2,0.3,10.2,25,0,22.5,26.3,29.8,0,0,0,0,0,0,0,0,0,0,0,0,0,0,0,golladay,kenny golladay,k,golladay6300wrk,9/8/2019
beckham8100wro,74.87,Odell Beckham,8100,CLE,TEN,0,0,18.3,27.8,2.8,-0.39,2.3,25,14.1,18.69,-1,80,0,0,4,0,2,1.5,59,24.8,19.3,-0.5,-5.5,44,67,0,0,0,0,0,0,0,0,0,0,0,0,0,0,0,0,0,0,0,0,0,0,1.38,0.63,0.31,71,0.61,1,0,0,0,0,0,0,0,2,16.6,1.4,2600,1.51,0.28,44,28,44,25,0,0,1,WR,0,0,0,9,6,87,30,13.7,0.5,8.1,23.8,0,28.9,35.3,31.2,0,0,0,0,0,0,0,0,0,0,0,0,0,0,0,beckham,odell beckham,o,beckham8100wro,9/8/2019
beasley3600wrc,74.8,Cole Beasley,3600,BUF,NYJ,0,0,7.9,14.6,0.4,1.45,2.2,1,9,6.45,-10,59,0,0,2,0,53,6.2,44,19.3,21.8,1.8,2.5,41,43,0,0,0,0,0,0,0,0,0,0,0,0,0,0,0,0,0,0,0,0,0,0,0.75,0.31,0.13,77,0.44,1,0,0,0,0,0,0,0,3,10.1,2.5,-1900,1.58,0.23,70,30,16,30,0,0,1,WR,0,0,0,5,4,42,15,10.3,0.2,7,18.2,0,16.6,13.6,17.3,0,0,0,0,0,0,0,0,0,0,0,0,0,0,0,beasley,cole beasley,c,beasley3600wrc,9/8/2019
gallup4300wrm,74.73,Michael Gallup,4300,DAL,NYG,0,0,9.2,19.1,0.2,0.84,2.1,1,25.8,8.36,10,95,0,0,2,0,57,1,46,25.5,18.5,-1.5,-7,44,67,0,0,0,0,0,0,0,0,0,0,0,0,0,0,0,0,0,0,0,0,0,0,0.56,0.25,0.06,0,0,0,0,0,0,0,0,0,0,4,6.7,0.4,-1200,1.57,0.15,68,28,12,25,0,0,1,WR,0,0,0,4,2,31,20,15.4,0.1,7.3,11.1,0,13.2,9.1,13.1,0,0,0,0,0,0,0,0,0,0,0,0,0,0,0,gallup,michael gallup,m,gallup4300wrm,9/8/2019
allen7300wrk,74.56,Keenan Allen,7300,LAC,IND,0,0,18.2,27.6,2.8,1.68,2.5,8,29.3,16.52,6,92,0,0,4,0,5,0.2,49,25.3,19.3,-0.2,-6,44.5,55,0,0,0,0,0,0,0,0,0,0,0,0,0,0,0,0,0,0,0,0,0,0,0.94,0.44,0.25,75,0.59,1,0,0,0,0,0,0,0,3,15.8,-0.7,1800,1.83,0.32,46,16,40,30,0,0,1,WR,0,0,0,8,6,74,22,12.3,0.4,7.8,40,0,27,18.8,27.7,0,0,0,0,0,0,0,0,0,0,0,0,0,0,0,allen,keenan allen,k,allen7300wrk,9/8/2019
higgins3200wrr,74.33,Rashard Higgins,3200,CLE,TEN,0,0,6.9,13.8,0,1.54,2.2,1,6.6,5.36,-18,45,0,0,3,0,57,1.5,37,24.8,19.3,-0.5,-5.5,44,67,0,0,0,0,0,0,0,0,0,0,0,0,0,0,0,0,0,0,0,0,0,0,0.29,0,0,71,0.61,1,0,0,0,0,0,0,0,2,8.2,2.1,-2300,2.08,0.22,71,33,4,21,0,0,1,WR,0,0,0,3,3,44,23,14.7,0.3,11,75,0,12,16.7,15.8,0,0,0,0,0,0,0,0,0,0,0,0,0,0,0,higgins,rashard higgins,r,higgins3200wrr,9/8/2019
pettis5400wrd,74.12,Dante Pettis,5400,SF,TB,0,0,11.4,21.6,0.6,0.05,2.1,4,1.7,11.35,3,88,0,0,2,0,49,1.4,41,25,26,0.5,1,51,43,0,0,0,0,0,0,0,0,0,0,0,0,0,0,0,0,0,0,0,0,0,0,0.54,0.15,0.08,89,0.58,1,0,0,0,0,0,0,0,3,7,0.3,-100,1.97,0.17,34,21,34,23,0,0,1,WR,0,0,0,3,2,42,23,17.3,0.5,7.1,42.9,0,12.3,31.3,16.1,0,0,0,0,0,0,0,0,0,0,0,0,0,0,0,pettis,dante pettis,d,pettis5400wrd,9/8/2019
goodwin4000wrm,74.05,Marquise Goodwin,4000,SF,TB,0,0,9.3,18.4,0.1,1.76,2.3,8,1.7,7.54,-22,39,0,0,1,0,61,1.4,39,25,26,0.5,1,51,43,0,0,0,0,0,0,0,0,0,0,0,0,0,0,0,0,0,0,0,0,0,0,0.36,0.07,0.07,89,0.58,1,0,0,0,0,0,0,0,3,8.5,0.6,-1500,1.99,0.22,42,11,38,26,0,0,1,WR,0,0,0,3,2,35,22,17.2,0.4,8.6,20,0,13.1,25,14.2,0,0,0,0,0,0,0,0,0,0,0,0,0,0,0,goodwin,marquise goodwin,m,goodwin4000wrm,9/8/2019
moore5500wrd,73.96,DJ Moore,5500,CAR,LA,0,0,12.2,19.1,0.3,0.58,2.2,8,13.6,11.62,-18,45,0,0,4,0,39,1.2,45,24,25.5,-0.3,1.5,49.5,30,0,0,0,0,0,0,0,0,0,0,0,0,0,0,0,0,0,0,0,0,0,0,0,0,0,87,0.52,0,0,0,0,0,0,0,0,3,9.4,0.2,0,1.74,0.21,56,17,26,23,0,0,1,WR,0,0,0,4,3,49,24,14.3,0.1,8.4,0,0,14.1,7.1,19.4,0,0,0,0,0,0,0,0,0,0,0,0,0,0,0,moore,dj moore,d,moore5500wrd,9/8/2019
cooks6500wrb,73.83,Brandin Cooks,6500,LA,CAR,0,0,15.1,23.7,1,0.76,2.3,8,5.9,14.34,0,82,0,0,5,0,36,-0.8,61,25.5,24,-1.3,-1.5,49.5,70,0,0,0,0,0,0,0,0,0,0,0,0,0,0,0,0,0,0,0,0,0,0,1.19,0.56,0.19,87,0.52,0,0,0,0,0,0,0,0,4,15.9,1.3,1000,2.01,0.26,58,23,29,34,0,0,1,WR,0,0,0,7,5,75,27,15.1,0.3,9.8,23.5,0,21.4,15.6,25.5,0,0,0,0,0,0,0,0,0,0,0,0,0,0,0,cooks,brandin cooks,b,cooks6500wrb,9/8/2019
metcalf4000wrd,73.68,DK Metcalf,4000,SEA,CIN,0,0,8.6,18.3,3.1,1.06,2.2,4,12.9,7.54,-7,65,0,0,1,0,87,0.7,0,26.8,17.3,1.3,-9.5,44,66,0,0,0,0,0,0,0,0,0,0,0,0,0,0,0,0,0,0,0,0,0,0,0,0,0,67,0.77,33,0,0,0,0,0,0,0,3,0,0,-1500,0,0,0,0,0,4,0,0,1,WR,0,0,0,0,0,0,0,0,0,0,0,0,0,0,0,0,0,0,0,0,0,0,0,0,0,0,0,0,0,0,metcalf,dk metcalf,d,metcalf4000wrd,9/8/2019
ridley5100wrc,73.29,Calvin Ridley,5100,ATL,MIN,0,0,11.3,24.4,1.1,0.77,2.2,8,16.4,10.53,2,86,0,0,3,0,61,-2.1,39,21.8,25.3,0.5,3.5,47,60,0,0,0,0,0,0,0,0,0,0,0,0,0,0,0,0,0,0,0,0,0,0,0.73,0.27,0.13,0,0,0,0,0,0,0,0,0,0,3,13.5,2.1,-400,2.11,0.35,61,28,19,21,0,0,1,WR,0,0,0,6,4,54,29,12.8,0.7,9.2,54.5,0,15.9,27.8,17.5,0,0,0,0,0,0,0,0,0,0,0,0,0,0,0,ridley,calvin ridley,c,ridley5100wrc,9/8/2019
jones4800wrm,72.97,Marvin Jones,4800,DET,ARI,0,0,11.5,23,0.7,1.78,2.4,8,10,9.72,-5,69,0,0,1,0,57,-0.8,59,24,21.5,-0.5,-2.5,45.5,72,0,0,0,0,0,0,0,0,0,0,0,0,0,0,0,0,0,0,0,0,0,0,1,0.55,0.09,0,0,0,0,0,0,0,0,0,0,3,10.4,0.9,-700,1.5,0.18,47,15,26,19,0,0,1,WR,0,0,0,6,3,56,25,14.5,0.6,7.8,27.3,0,18.7,31.3,21.2,0,0,0,0,0,0,0,0,0,0,0,0,0,0,0,jones,marvin jones,m,jones4800wrm,9/8/2019
snead4000wrw,72.86,Willie Snead,4000,BAL,MIA,0,0,7.6,16.3,0,0.06,1.9,1,12.1,7.54,1,84,0,0,2,0,42,2.7,51,24,17,3.5,-7,41,78,0,0,0,0,0,0,0,0,0,0,0,0,0,0,0,0,0,0,0,0,0,0,0.44,0,0,90,0.66,1,0,0,0,0,0,0,0,3,8.4,0.8,-1500,1.4,0.17,66,41,16,24,0,0,1,WR,0,0,0,5,3,40,16,10.5,0.1,6.3,14.3,0,18.4,5.6,17.6,0,0,0,0,0,0,0,0,0,0,0,0,0,0,0,snead,willie snead,w,snead4000wrw,9/8/2019
amendola3600wrd,72.79,Danny Amendola,3600,DET,ARI,0,0,8.7,16.9,0.1,2.25,2.4,1,26.4,6.45,2,86,0,0,2,0,57,-0.8,45,24,21.5,-0.5,-2.5,45.5,72,0,0,0,0,0,0,0,0,0,0,0,0,0,0,0,0,0,0,0,0,0,0,0.13,0.13,0,0,0,0,0,0,0,0,0,0,0,3,8.3,0.8,-1900,1.33,0.19,60,26,21,23,0,0,1,WR,0,0,0,5,3,38,17,9.7,0.1,7.4,0,0,20.1,4.3,18.1,0,0,0,0,0,0,0,0,0,0,0,0,0,0,0,amendola,danny amendola,d,amendola3600wrd,9/8/2019
conley3100wrc,72.72,Chris Conley,3100,JAX,KC,0,0,6.5,14.9,0,1.41,2.1,1,21.7,5.09,-7,65,0,0,2,0,61,3.9,50,22.8,26.3,-1,3.5,49,28,0,0,0,0,0,0,0,0,0,0,0,0,0,0,0,0,0,0,0,0,0,0,0.75,0.56,0.25,94,0.5,1,0,0,0,0,0,0,0,3,5,-0.8,-2400,1.54,0.1,57,15,23,26,0,0,1,WR,0,0,0,3,2,20,13,10.4,0.3,7.2,41.7,0,9.2,10,6.5,0,0,0,0,0,0,0,0,0,0,0,0,0,0,0,conley,chris conley,c,conley3100wrc,9/8/2019
woods6400wrr,72.36,Robert Woods,6400,LA,CAR,0,0,14,23.1,0.3,-0.07,2.2,8,16.6,14.07,-4,72,0,0,5,0,38,-0.8,65,25.5,24,-1.3,-1.5,49.5,70,0,0,0,0,0,0,0,0,0,0,0,0,0,0,0,0,0,0,0,0,0,0,0.94,0.56,0.25,87,0.52,0,0,0,0,0,0,0,0,4,17.3,2.9,900,1.86,0.27,72,21,15,33,0,0,1,WR,0,0,0,8,5,76,26,14.2,0.4,10.1,33.3,0,23.8,18.8,25.8,0,0,0,0,0,0,0,0,0,0,0,0,0,0,0,woods,robert woods,r,woods6400wrr,9/8/2019
fitzgerald4900wrl,71.74,Larry Fitzgerald,4900,ARI,DET,0,0,11.2,18.7,0.9,1.21,2.3,4,28.3,9.99,-5,69,0,0,1,0,46,-1,54,21.5,24,-3,2.5,45.5,28,0,0,0,0,0,0,0,0,0,0,0,0,0,0,0,0,0,0,0,0,0,0,0.88,0.38,0.31,0,0,0,0,0,0,0,0,0,0,2,11.2,0.7,-600,1.43,0.21,70,33,16,24,0,0,1,WR,0,0,0,6,4,45,19,10.6,0.4,6.1,35.7,0,24,40,25.5,0,0,0,0,0,0,0,0,0,0,0,0,0,0,0,fitzgerald,larry fitzgerald,l,fitzgerald4900wrl,9/8/2019
perriman3300wrb,71.69,Breshad Perriman,3300,TB,SF,0,0,6.2,11.2,0,0.57,1.9,1,3,5.63,-26,34,0,0,3,0,87,1.7,21,26,25,1.5,-1,51,57,0,0,0,0,0,0,0,0,0,0,0,0,0,0,0,0,0,0,0,0,0,0,0.1,0,0,89,0.58,1,0,0,0,0,0,0,0,4,6.2,0.8,-2200,2.22,0.3,43,25,12,16,0,0,1,WR,0,0,0,2,1,34,25,21.3,0.2,12.8,0,0,7.9,8.7,12.5,0,0,0,0,0,0,0,0,0,0,0,0,0,0,0,perriman,breshad perriman,b,perriman3300wrb,9/8/2019
beebe3000wrc,71.57,Chad Beebe,3000,MIN,ATL,0,0,6.5,11.6,0,1.68,2.2,1,1.9,4.82,-25,35,0,0,2,0,96,2.1,15,25.3,21.8,-0.5,-3.5,47,40,0,0,0,0,0,0,0,0,0,0,0,0,0,0,0,0,0,0,0,0,0,0,0,0,0,0,0,0,0,0,0,0,0,0,0,3,0.4,-0.5,-2500,0.3,0.03,9,0,54,11,0,0,1,WR,0,0,0,1,1,13,10,9.8,0,8.3,0,0,4.2,0,5.7,0,0,0,0,0,0,0,0,0,0,0,0,0,0,0,beebe,chad beebe,c,beebe3000wrc,9/8/2019
enunwa3800wrq,71.45,Quincy Enunwa,3800,NYJ,BUF,0,0,8,15.4,0,1,2.1,1,-0.4,7,-2,77,0,0,1,0,61,2.1,47,21.8,19.3,0.8,-2.5,41,57,0,0,0,0,0,0,0,0,0,0,0,0,0,0,0,0,0,0,0,0,0,0,0.6,0.13,0,77,0.44,1,0,0,0,0,0,0,0,3,6.4,0,-1700,1.07,0.14,39,17,39,23,0,0,1,WR,0,0,0,5,3,40,18,11.8,0.1,5.3,0,0,21.7,9.1,19.7,0,0,0,0,0,0,0,0,0,0,0,0,0,0,0,enunwa,quincy enunwa,q,enunwa3800wrq,9/8/2019
watkins5000wrs,71.44,Sammy Watkins,5000,KC,JAX,0,0,11.8,20.1,0.4,1.54,2.4,8,49.8,10.26,-16,49,0,0,1,0,57,-0.6,46,26.3,22.8,-2.5,-3.5,49,72,0,0,0,0,0,0,0,0,0,0,0,0,0,0,0,0,0,0,0,0,0,0,0.75,0.31,0.06,94,0.5,1,0,0,0,0,0,0,0,4,7.6,0.4,-500,1.27,0.17,34,19,50,26,0,0,1,WR,0,0,0,5,4,51,22,13,0.3,7.9,30,0,15.7,8.6,15.4,0,0,0,0,0,0,0,0,0,0,0,0,0,0,0,watkins,sammy watkins,s,watkins5000wrs,9/8/2019
bourne3000wrk,71.15,Kendrick Bourne,3000,SF,TB,0,0,4.9,12,0.2,0.08,1.6,1,1.9,4.82,-24,36,0,0,3,0,87,1.4,37,25,26,0.5,1,51,43,0,0,0,0,0,0,0,0,0,0,0,0,0,0,0,0,0,0,0,0,0,0,0.75,0.38,0.25,89,0.58,1,0,0,0,0,0,0,0,3,7,0.5,-2500,1.77,0.19,76,28,9,21,0,0,1,WR,0,0,0,3,2,30,14,11.6,0.3,6,33.3,0,13,15.4,11.5,0,0,0,0,0,0,0,0,0,0,0,0,0,0,0,bourne,kendrick bourne,k,bourne3000wrk,9/8/2019
mclaurin3300wrt,71.06,Terry McLaurin,3300,WAS,PHI,0,0,8,13.3,0.1,2.37,2.4,1,26.5,5.63,-22,39,0,0,2,0,53,2.2,0,16.8,27.3,-2,10.5,44,34,0,0,0,0,0,0,0,0,0,0,0,0,0,0,0,0,0,0,0,0,0,0,0,0,0,79,0.41,1,0,0,0,0,0,0,0,3,0,0,-2200,0,0,0,0,0,4,0,0,1,WR,0,0,0,0,0,0,0,0,0,0,0,0,0,0,0,0,0,0,0,0,0,0,0,0,0,0,0,0,0,0,mclaurin,terry mclaurin,t,mclaurin3300wrt,9/8/2019
boykin3000wrm,70.92,Miles Boykin,3000,BAL,MIA,0,0,6.4,10.8,0,1.58,2.1,1,7.5,4.82,-28,31,0,0,2,0,87,2.7,0,24,17,3.5,-7,41,78,0,0,0,0,0,0,0,0,0,0,0,0,0,0,0,0,0,0,0,0,0,0,0,0,0,90,0.66,1,0,0,0,0,0,0,0,3,0,0,-2500,0,0,0,0,0,4,0,0,1,WR,0,0,0,0,0,0,0,0,0,0,0,0,0,0,0,0,0,0,0,0,0,0,0,0,0,0,0,0,0,0,boykin,miles boykin,m,boykin3000wrm,9/8/2019
humphries4000wra,70.56,Adam Humphries,4000,TEN,CLE,0,0,8.7,14.4,0.6,1.16,2.2,1,1.5,7.54,-12,55,0,0,1,0,53,0,48,19.3,24.8,-0.5,5.5,44,33,0,0,0,0,0,0,0,0,0,0,0,0,0,0,0,0,0,0,0,0,0,0,1.06,0.38,0.25,71,0.61,1,0,0,0,0,0,0,0,2,11.5,3.8,-1500,1.82,0.24,85,45,0,20,0,0,1,WR,0,0,0,6,4,51,20,10.7,0.3,7.9,18.8,0,17,13.9,15.2,0,0,0,0,0,0,0,0,0,0,0,0,0,0,0,humphries,adam humphries,a,humphries4000wra,9/8/2019
richardson3900wrp,70.42,Paul Richardson,3900,WAS,PHI,0,0,8.4,14.2,0.1,1.13,2.2,1,7.6,7.27,-15,50,0,0,3,0,46,2.2,52,16.8,27.3,-2,10.5,44,34,0,0,0,0,0,0,0,0,0,0,0,0,0,0,0,0,0,0,0,0,0,0,0.29,0.14,0.14,79,0.41,1,0,0,0,0,0,0,0,3,8.6,0.5,-1600,1.62,0.16,60,0,0,15,0,0,1,WR,0,0,0,5,2,37,23,13.1,0.3,9,50,0,14.5,25,15.5,0,0,0,0,0,0,0,0,0,0,0,0,0,0,0,richardson,paul richardson,p,richardson3900wrp,9/8/2019
hill7600wrt,70.37,Tyreek Hill,7600,KC,JAX,0,0,16.5,22.9,2,-0.83,2.2,20,4.1,17.33,-11,57,0,0,6,0,2,-0.6,56,26.3,22.8,-2.5,-3.5,49,72,0,0,0,0,0,0,0,0,0,0,0,0,0,0,0,0,0,0,0,0,0,0,1.25,0.56,0.38,94,0.5,1,0,0,0,0,0,0,0,4,21.7,3,2100,2.18,0.39,60,33,26,30,0,0,1,WR,0,0,0,8,5,92,42,17,0.8,11.1,29.4,0,24.3,24,28.9,0,0,0,0,0,0,0,0,0,0,0,0,0,0,0,hill,tyreek hill,t,hill7600wrt,9/8/2019
latimer3300wrc,70.37,Cody Latimer,3300,NYG,DAL,0,0,7.1,13.4,0,1.47,2.2,1,10.4,5.63,-20,42,0,0,2,0,99,-0.5,34,18.5,25.5,-1,7,44,33,0,0,0,0,0,0,0,0,0,0,0,0,0,0,0,0,0,0,0,0,0,0,0,0,0,0,0,0,0,0,0,0,0,0,0,3,5.5,0.3,-2200,2.07,0.16,28,14,9,21,0,0,1,WR,0,0,0,2,1,31,22,17.3,0.2,9.4,0,0,7.2,16.7,11.2,0,0,0,0,0,0,0,0,0,0,0,0,0,0,0,latimer,cody latimer,c,latimer3300wrc,9/8/2019
brown4300wrj,70.22,John Brown,4300,BUF,NYJ,0,0,8.4,14.4,0,0.04,2,8,28.3,8.36,-40,18,0,0,1,0,53,6.2,47,19.3,21.8,1.8,2.5,41,43,0,0,0,0,0,0,0,0,0,0,0,0,0,0,0,0,0,0,0,0,0,0,0.94,0.44,0.13,77,0.44,1,0,0,0,0,0,0,0,3,9.1,-0.9,-1200,1.57,0.19,40,24,36,25,0,0,1,WR,0,0,0,5,2,44,25,17,0.3,7.6,20,0,17.5,27.8,19.3,0,0,0,0,0,0,0,0,0,0,0,0,0,0,0,brown,john brown,j,brown4300wrj,9/8/2019
davis4900wrc,69.92,Corey Davis,4900,TEN,CLE,0,0,10.7,16,0.1,0.71,2.2,4,0,9.99,-13,54,0,0,1,0,57,0,54,19.3,24.8,-0.5,5.5,44,33,0,0,0,0,0,0,0,0,0,0,0,0,0,0,0,0,0,0,0,0,0,0,0.94,0.56,0.31,71,0.61,1,0,0,0,0,0,0,0,2,11.8,0.4,-600,1.66,0.22,52,20,36,25,0,0,1,WR,0,0,0,6,4,55,22,13.7,0.3,6.7,13.3,0,26.9,25,27.4,0,0,0,0,0,0,0,0,0,0,0,0,0,0,0,davis,corey davis,c,davis4900wrc,9/8/2019
johnson3000wrk,69.05,KeeSean Johnson,3000,ARI,DET,0,0,6.4,15.2,0.1,1.58,2.1,1,9.6,4.82,-5,69,0,0,1,0,97,-1,0,21.5,24,-3,2.5,45.5,28,0,0,0,0,0,0,0,0,0,0,0,0,0,0,0,0,0,0,0,0,0,0,0,0,0,0,0,0,0,0,0,0,0,0,0,2,0,0,-2500,0,0,0,0,0,3,0,0,1,WR,0,0,0,0,0,0,0,0,0,0,0,0,0,0,0,0,0,0,0,0,0,0,0,0,0,0,0,0,0,0,johnson,keesean johnson,k,johnson3000wrk,9/8/2019
funchess4000wrd,68.72,Devin Funchess,4000,IND,LAC,0,0,6.7,15.3,0,-0.84,1.7,1,6.2,7.54,-4,72,0,0,2,0,91,-0.2,44,19.3,25.3,-3.2,6,44.5,45,0,0,0,0,0,0,0,0,0,0,0,0,0,0,0,0,0,0,0,0,0,0,0.75,0.44,0.25,75,0.59,1,0,0,0,0,0,0,0,2,6.8,-1.8,-1500,1.2,0.15,54,18,31,22,0,0,1,WR,0,0,0,5,3,39,16,12.5,0.3,6.2,25,0,16.3,16.7,15.5,0,0,0,0,0,0,0,0,0,0,0,0,0,0,0,funchess,devin funchess,d,funchess4000wrd,9/8/2019
agholor3900wrn,68.71,Nelson Agholor,3900,PHI,WAS,0,0,6.8,14.4,0.2,-0.47,1.7,1,3.1,7.27,-12,55,0,0,2,0,49,1.6,61,27.3,16.8,-0.5,-10.5,44,66,0,0,0,0,0,0,0,0,0,0,0,0,0,0,0,0,0,0,0,0,0,0,1,0.47,0.13,79,0.41,1,0,0,0,0,0,0,0,3,9.8,0.9,-1600,1.66,0.16,69,30,15,26,0,0,1,WR,0,0,0,5,3,46,30,12.6,0.3,7.8,15.4,0,16.2,13.8,16,0,0,0,0,0,0,0,0,0,0,0,0,0,0,0,agholor,nelson agholor,n,agholor3900wrn,9/8/2019
brown3500wra,67.26,AJ Brown,3500,TEN,CLE,0,0,6,15,0,-0.18,1.7,1,16,6.18,-6,67,0,0,1,0,91,0,0,19.3,24.8,-0.5,5.5,44,33,0,0,0,0,0,0,0,0,0,0,0,0,0,0,0,0,0,0,0,0,0,0,0,0,0,71,0.61,1,0,0,0,0,0,0,0,2,0,0,-2000,0,0,0,0,0,3,0,0,1,WR,0,0,0,0,0,0,0,0,0,0,0,0,0,0,0,0,0,0,0,0,0,0,0,0,0,0,0,0,0,0,brown,aj brown,a,brown3500wra,9/8/2019
wilson3900wra,66.45,Albert Wilson,3900,MIA,BAL,0,0,9.9,14.2,0.7,2.63,2.5,1,3.4,7.27,-15,50,0,0,3,0,49,-2.5,33,17,24,0.5,7,41,22,0,0,0,0,0,0,0,0,0,0,0,0,0,0,0,0,0,0,0,0,0,0,0.25,0.13,0,90,0.66,1,0,0,0,0,0,0,0,3,11.1,2.5,-1600,1.55,0.34,33,19,9,21,0,0,1,WR,0,0,0,5,3,55,36,15,0.6,12.9,0,0,17.2,26.7,23.3,0,0,0,0,0,0,0,0,0,0,0,0,0,0,0,wilson,albert wilson,a,wilson3900wra,9/8/2019
cobb4200wrr,65.79,Randall Cobb,4200,DAL,NYG,0,0,7.9,17.3,0.1,-0.18,1.9,1,16.9,8.08,4,90,0,0,0,0,42,1,51,25.5,18.5,-1.5,-7,44,67,0,0,0,0,0,0,0,0,0,0,0,0,0,0,0,0,0,0,0,0,0,0,0.31,0,0,0,0,0,0,0,0,0,0,0,0,4,6.5,0.3,-1300,0.95,0.13,30,8,30,23,0,0,1,WR,0,0,0,6,4,42,22,10.1,0.2,6.1,0,0,17.6,16.7,16.7,0,0,0,0,0,0,0,0,0,0,0,0,0,0,0,cobb,randall cobb,r,cobb4200wrr,9/8/2019
foster4100wrr,65.06,Robert Foster,4100,BUF,NYJ,0,0,4.5,9.5,0,-3.31,1.1,1,0,7.81,-35,23,0,0,2,0,91,6.2,34,19.3,21.8,1.8,2.5,41,43,0,0,0,0,0,0,0,0,0,0,0,0,0,0,0,0,0,0,0,0,0,0,0.31,0.08,0.08,77,0.44,1,0,0,0,0,0,0,0,3,7.6,1.5,-1400,2.42,0.22,41,17,29,17,0,0,1,WR,0,0,0,3,2,41,21,20,0.2,7,25,0,11.7,23.1,22.5,0,0,0,0,0,0,0,0,0,0,0,0,0,0,0,foster,robert foster,r,foster4100wrr,9/8/2019
ross3900wrj,64.81,John Ross,3900,CIN,SEA,0,0,5.9,14.9,0,-1.37,1.5,1,37.8,7.27,-7,65,0,0,1,0,87,-0.8,46,17.3,26.8,-0.7,9.5,44,34,0,0,0,0,0,0,0,0,0,0,0,0,0,0,0,0,0,0,0,0,0,0,0.86,0.5,0.36,67,0.77,33,0,0,0,0,0,0,0,4,6.1,-0.3,-1600,1.43,0.13,45,20,25,20,0,0,1,WR,0,0,0,3,1,16,12,10,0.5,3.9,45.5,0,13.4,31.8,7.5,0,0,0,0,0,0,0,0,0,0,0,0,0,0,0,ross,john ross,j,ross3900wrj,9/8/2019
roberts3000wrs,64.35,Seth Roberts,3000,BAL,MIA,0,0,2.9,6.1,0,-1.92,1,1,2,4.82,-50,9,0,0,3,0,87,2.7,38,24,17,3.5,-7,41,78,0,0,0,0,0,0,0,0,0,0,0,0,0,0,0,0,0,0,0,0,0,0,0.2,0.07,0.07,90,0.66,1,0,0,0,0,0,0,0,3,7,1.1,-2500,1.61,0.18,78,39,0,23,0,0,1,WR,0,0,0,4,3,32,18,11,0.1,6.7,33.3,0,13.4,11.1,13.3,0,0,0,0,0,0,0,0,0,0,0,0,0,0,0,roberts,seth roberts,s,roberts3000wrs,9/8/2019
wright3200wrj,64.33,Jarius Wright,3200,CAR,LA,0,0,4.4,8.3,0,-0.96,1.4,1,2.4,5.36,-40,18,0,0,3,0,87,1.2,33,24,25.5,-0.3,1.5,49.5,30,0,0,0,0,0,0,0,0,0,0,0,0,0,0,0,0,0,0,0,0,0,0,0.44,0.13,0.13,87,0.52,0,0,0,0,0,0,0,0,3,6.2,0.6,-2300,1.67,0.19,75,15,5,20,0,0,1,WR,0,0,0,3,2,27,16,10.4,0.1,7.2,14.3,0,11,3.6,11,0,0,0,0,0,0,0,0,0,0,0,0,0,0,0,wright,jarius wright,j,wright3200wrj,9/8/2019
willis3000wrd,64.03,Damion Willis,3000,CIN,SEA,0,0,6.3,10.6,0,1.48,2.1,1,6,4.82,-29,30,0,0,1,0,87,-0.8,0,17.3,26.8,-0.7,9.5,44,34,0,0,0,0,0,0,0,0,0,0,0,0,0,0,0,0,0,0,0,0,0,0,0,0,0,67,0.77,33,0,0,0,0,0,0,0,4,0,0,-2500,0,0,0,0,0,4,0,0,1,WR,0,0,0,0,0,0,0,0,0,0,0,0,0,0,0,0,0,0,0,0,0,0,0,0,0,0,0,0,0,0,willis,damion willis,d,willis3000wrd,9/8/2019
brown3100wrj,64.02,Jaron Brown,3100,SEA,CIN,0,0,5.3,12.1,0,0.21,1.7,1,0,5.09,-23,38,0,0,1,0,61,0.7,22,26.8,17.3,1.3,-9.5,44,66,0,0,0,0,0,0,0,0,0,0,0,0,0,0,0,0,0,0,0,0,0,0,0.38,0.25,0.13,67,0.77,33,0,0,0,0,0,0,0,3,3.7,-2.2,-2400,2.78,0.17,40,20,44,25,0,0,1,WR,0,0,0,1,0,11,7,11.9,0.3,4.5,83.3,0,5.8,15.2,5.2,0,0,0,0,0,0,0,0,0,0,0,0,0,0,0,brown,jaron brown,j,brown3100wrj,9/8/2019
cole3400wrk,63.65,Keelan Cole,3400,JAX,KC,0,0,4.7,10.4,0.2,-1.21,1.4,1,0,5.91,-30,29,0,0,1,0,57,3.9,42,22.8,26.3,-1,3.5,49,28,0,0,0,0,0,0,0,0,0,0,0,0,0,0,0,0,0,0,0,0,0,0,0.44,0,0,94,0.5,1,0,0,0,0,0,0,0,3,7.2,-0.9,-2100,1.63,0.17,47,21,34,23,0,0,1,WR,0,0,0,4,2,30,13,12.9,0.1,5.2,0,0,13.8,6.7,14.3,0,0,0,0,0,0,0,0,0,0,0,0,0,0,0,cole,keelan cole,k,cole3400wrk,9/8/2019
samuel4000wrd,62.93,Deebo Samuel,4000,SF,TB,0,0,5.9,14.2,0.1,-1.64,1.5,1,5.7,7.54,-15,50,0,0,1,0,53,1.4,0,25,26,0.5,1,51,43,0,0,0,0,0,0,0,0,0,0,0,0,0,0,0,0,0,0,0,0,0,0,0,0,0,89,0.58,1,0,0,0,0,0,0,0,3,0,0,-1500,0,0,0,0,0,3,0,0,1,WR,0,0,0,0,0,0,0,0,0,0,0,0,0,0,0,0,0,0,0,0,0,0,0,0,0,0,0,0,0,0,samuel,deebo samuel,d,samuel4000wrd,9/8/2019
sanu4600wrm,61.93,Mohamed Sanu,4600,ATL,MIN,0,0,9.3,14.6,0.4,0.13,2,1,10.7,9.17,-10,59,0,0,2,0,39,-2.1,51,21.8,25.3,0.5,3.5,47,60,0,0,0,0,0,0,0,0,0,0,0,0,0,0,0,0,0,0,0,0,0,0,0.4,0.27,0.27,0,0,0,0,0,0,0,0,0,0,3,11.1,1.8,-900,1.52,0.22,61,23,19,21,0,0,1,WR,0,0,0,5,4,54,23,13.2,0.3,10.2,20,0,15.6,11.1,17.5,0,0,0,0,0,0,0,0,0,0,0,0,0,0,0,sanu,mohamed sanu,m,sanu4600wrm,9/8/2019
johnson3000wrb,61.86,Bisi Johnson,3000,MIN,ATL,0,0,3.4,7.6,0,-1.42,1.1,1,0,4.82,-43,15,0,0,2,0,87,2.1,0,25.3,21.8,-0.5,-3.5,47,40,0,0,0,0,0,0,0,0,0,0,0,0,0,0,0,0,0,0,0,0,0,0,0,0,0,0,0,0,0,0,0,0,0,0,0,3,0,0,-2500,0,0,0,0,0,3,0,0,1,WR,0,0,0,0,0,0,0,0,0,0,0,0,0,0,0,0,0,0,0,0,0,0,0,0,0,0,0,0,0,0,johnson,bisi johnson,b,johnson3000wrb,9/8/2019
brown3800wrm,61.73,Marquise Brown,3800,BAL,MIA,0,0,6.1,10.4,0,-0.9,1.6,1,33.7,7,-30,29,0,0,1,0,53,2.7,0,24,17,3.5,-7,41,78,0,0,0,0,0,0,0,0,0,0,0,0,0,0,0,0,0,0,0,0,0,0,0,0,0,90,0.66,1,0,0,0,0,0,0,0,3,0,0,-1700,0,0,0,0,0,4,0,0,1,WR,0,0,0,0,0,0,0,0,0,0,0,0,0,0,0,0,0,0,0,0,0,0,0,0,0,0,0,0,0,0,brown,marquise brown,m,brown3800wrm,9/8/2019
fowler3000wrb,61.65,Bennie Fowler,3000,NYG,DAL,0,0,5,8.9,0,0.18,1.7,1,9,4.82,-38,20,0,0,2,0,87,-0.5,37,18.5,25.5,-1,7,44,33,0,0,0,0,0,0,0,0,0,0,0,0,0,0,0,0,0,0,0,0,0,0,0.5,0.3,0.2,0,0,0,0,0,0,0,0,0,0,3,3.7,-1.1,-2500,1.53,0.1,58,11,11,17,0,0,1,WR,0,0,0,2,1,19,13,12.4,0.1,6.4,20,0,7.8,6.3,7.4,0,0,0,0,0,0,0,0,0,0,0,0,0,0,0,fowler,bennie fowler,b,fowler3000wrb,9/8/2019
hogan3300wrc,61.56,Chris Hogan,3300,CAR,LA,0,0,4.4,8.6,0,-1.23,1.3,1,0,5.63,-39,19,0,0,3,0,57,1.2,50,24,25.5,-0.3,1.5,49.5,30,0,0,0,0,0,0,0,0,0,0,0,0,0,0,0,0,0,0,0,0,0,0,0.5,0.31,0.19,87,0.52,0,0,0,0,0,0,0,0,3,7.1,-1.1,-2200,2.15,0.14,53,21,32,28,0,0,1,WR,0,0,0,3,2,33,20,15.2,0.2,9,12.5,0,10.1,10.3,12.1,0,0,0,0,0,0,0,0,0,0,0,0,0,0,0,hogan,chris hogan,c,hogan3300wrc,9/8/2019
benjamin3300wrt,61.56,Travis Benjamin,3300,LAC,IND,0,0,5.1,9.3,0,-0.53,1.5,1,3.2,5.63,-36,22,0,0,1,0,91,0.2,23,25.3,19.3,-0.2,-6,44.5,55,0,0,0,0,0,0,0,0,0,0,0,0,0,0,0,0,0,0,0,0,0,0,0.08,0.08,0,75,0.59,1,0,0,0,0,0,0,0,3,3,-1.4,-2200,1.28,0.13,36,13,31,22,0,0,1,WR,0,0,0,1,1,15,11,15.5,0.1,5.9,0,0,5.6,4.3,5.7,0,0,0,0,0,0,0,0,0,0,0,0,0,0,0,benjamin,travis benjamin,t,benjamin3300wrt,9/8/2019
grant3000wrj,61.48,Jakeem Grant,3000,MIA,BAL,0,0,5.3,10.3,0,0.48,1.8,1,-0.3,4.82,-32,26,0,0,2,0,87,-2.5,28,17,24,0.5,7,41,22,0,0,0,0,0,0,0,0,0,0,0,0,0,0,0,0,0,0,0,0,0,0,0.13,0,0,90,0.66,1,0,0,0,0,0,0,0,3,5.7,0.2,-2500,1.63,0.2,55,22,22,18,0,0,1,WR,0,0,0,3,2,26,16,12.8,0.2,8.1,50,0,11.6,12.5,11.7,0,0,0,0,0,0,0,0,0,0,0,0,0,0,0,grant,jakeem grant,j,grant3000wrj,9/8/2019
austin3000wrt,61.39,Tavon Austin,3000,DAL,NYG,0,0,3.9,7.4,0,-0.92,1.3,1,1.8,4.82,-44,14,0,0,2,0,87,1,16,25.5,18.5,-1.5,-7,44,67,0,0,0,0,0,0,0,0,0,0,0,0,0,0,0,0,0,0,0,0,0,0,0.07,0.07,0.07,0,0,0,0,0,0,0,0,0,0,4,2.9,-0.7,-2500,1.08,0.18,32,12,48,25,0,0,1,WR,0,0,0,1,1,20,18,17.5,0.3,9,100,0,6.2,18.2,9.1,0,0,0,0,0,0,0,0,0,0,0,0,0,0,0,austin,tavon austin,t,austin3000wrt,9/8/2019
harmon3000wrk,61.19,Kelvin Harmon,3000,WAS,PHI,0,0,3.6,6.4,0,-1.22,1.2,1,5.1,4.82,-48,11,0,0,2,0,87,2.2,0,16.8,27.3,-2,10.5,44,34,0,0,0,0,0,0,0,0,0,0,0,0,0,0,0,0,0,0,0,0,0,0,0,0,0,79,0.41,1,0,0,0,0,0,0,0,3,0,0,-2500,0,0,0,0,0,4,0,0,1,WR,0,0,0,0,0,0,0,0,0,0,0,0,0,0,0,0,0,0,0,0,0,0,0,0,0,0,0,0,0,0,harmon,kelvin harmon,k,harmon3000wrk,9/8/2019
robinson3200wrd,60.89,Demarcus Robinson,3200,KC,JAX,0,0,4.7,9.1,0,-0.66,1.5,1,1,5.36,-37,21,0,0,2,0,91,-0.6,26,26.3,22.8,-2.5,-3.5,49,72,0,0,0,0,0,0,0,0,0,0,0,0,0,0,0,0,0,0,0,0,0,0,0.44,0.25,0.19,94,0.5,1,0,0,0,0,0,0,0,4,4.6,-1,-2300,2.24,0.18,52,16,32,25,0,0,1,WR,0,0,0,2,1,18,14,13.1,0.3,8.3,42.9,0,5.9,8,5.6,0,0,0,0,0,0,0,0,0,0,0,0,0,0,0,robinson,demarcus robinson,d,robinson3200wrd,9/8/2019
parker3900wrd,59.16,DeVante Parker,3900,MIA,BAL,0,0,7.6,13.4,0,0.33,1.9,1,10.5,7.27,-20,42,0,0,0,0,61,-2.5,37,17,24,0.5,7,41,22,0,0,0,0,0,0,0,0,0,0,0,0,0,0,0,0,0,0,0,0,0,0,0.5,0.17,0,90,0.66,1,0,0,0,0,0,0,0,3,6.6,0.1,-1600,1.66,0.18,30,13,34,23,0,0,1,WR,0,0,0,4,2,28,13,12.9,0.1,4.6,16.7,0,16.1,5.6,13.1,0,0,0,0,0,0,0,0,0,0,0,0,0,0,0,parker,devante parker,d,parker3900wrd,9/8/2019
bellamy3000wrj,58.67,Josh Bellamy,3000,NYJ,BUF,0,0,2.9,5.8,0,-1.92,1,1,2.5,4.82,-53,7,0,0,2,0,87,2.1,20,21.8,19.3,0.8,-2.5,41,57,0,0,0,0,0,0,0,0,0,0,0,0,0,0,0,0,0,0,0,0,0,0,0.06,0,0,77,0.44,1,0,0,0,0,0,0,0,3,2.2,-0.5,-2500,1.44,0.11,33,9,38,21,0,0,1,WR,0,0,0,1,0,7,5,8.4,0.1,4.9,100,0,5,3.6,3.1,0,0,0,0,0,0,0,0,0,0,0,0,0,0,0,bellamy,josh bellamy,j,bellamy3000wrj,9/8/2019
williams3000wrp,58.59,Preston Williams,3000,MIA,BAL,0,0,5.3,10.3,0,0.48,1.8,1,11.4,4.82,-32,26,0,0,1,0,87,-2.5,0,17,24,0.5,7,41,22,0,0,0,0,0,0,0,0,0,0,0,0,0,0,0,0,0,0,0,0,0,0,0,0,0,90,0.66,1,0,0,0,0,0,0,0,3,0,0,-2500,0,0,0,0,0,4,0,0,1,WR,0,0,0,0,0,0,0,0,0,0,0,0,0,0,0,0,0,0,0,0,0,0,0,0,0,0,0,0,0,0,williams,preston williams,p,williams3000wrp,9/8/2019
lee4400wrm,57.72,Marqise Lee,4400,JAX,KC,0,0,5.2,10.9,0.2,-3.43,1.2,1,0,8.63,-27,32,0,0,1,0,38,3.9,0,22.8,26.3,-1,3.5,49,28,0,0,0,0,0,0,0,0,0,0,0,0,0,0,0,0,0,0,0,0,0,0,0,0,0,94,0.5,1,0,0,0,0,0,0,0,3,0,0,-1100,0,0,0,0,0,5,0,0,1,WR,0,0,0,0,0,0,0,0,0,0,0,0,0,0,0,0,0,0,0,0,0,0,0,0,0,0,0,0,0,0,lee,marqise lee,m,lee4400wrm,9/8/2019
arcegawhiteside3400wrj,57.69,J. Arcega-Whiteside,3400,PHI,WAS,0,0,3.9,8.1,0,-2.01,1.1,1,0,5.91,-41,17,0,0,1,0,61,1.6,0,27.3,16.8,-0.5,-10.5,44,66,0,0,0,0,0,0,0,0,0,0,0,0,0,0,0,0,0,0,0,0,0,0,0,0,0,79,0.41,1,0,0,0,0,0,0,0,3,0,0,-2100,0,0,0,0,0,4,0,0,1,WR,0,0,0,0,0,0,0,0,0,0,0,0,0,0,0,0,0,0,0,0,0,0,0,0,0,0,0,0,0,0,arcegawhiteside,j. arcega-whiteside,j,arcegawhiteside3400wrj,9/8/2019
sharpe3000wrt,57.33,Tajae Sharpe,3000,TEN,CLE,0,0,3,6.9,0,-1.82,1,1,0,4.82,-45,13,0,0,1,0,87,0,37,19.3,24.8,-0.5,5.5,44,33,0,0,0,0,0,0,0,0,0,0,0,0,0,0,0,0,0,0,0,0,0,0,0.63,0.25,0.06,71,0.61,1,0,0,0,0,0,0,0,2,4.4,-1,-2500,1.47,0.12,42,19,33,21,0,0,1,WR,0,0,0,2,1,19,9,12.2,0.1,4.8,20,0,11.7,12.5,9.7,0,0,0,0,0,0,0,0,0,0,0,0,0,0,0,sharpe,tajae sharpe,t,sharpe3000wrt,9/8/2019
ratley3000wrd,56.51,Damion Ratley,3000,CLE,TEN,0,0,2.6,5.3,0,-2.22,0.9,0,3.7,4.82,0,0,0,0,2,0,87,1.5,15,24.8,19.3,-0.5,-5.5,44,67,0,0,0,0,0,0,0,0,0,0,0,0,0,0,0,0,0,0,0,0,0,0,0.08,0,0,71,0.61,1,0,0,0,0,0,0,0,2,2.1,-0.3,-2500,1.16,0.14,21,5,47,19,0,0,1,WR,0,0,0,1,1,13,6,11.1,0,2.6,0,0,5.9,0,5.1,0,0,0,0,0,0,0,0,0,0,0,0,0,0,0,ratley,damion ratley,d,ratley3000wrd,9/8/2019
isabella3400wra,54.79,Andy Isabella,3400,ARI,DET,0,0,5,10.2,0.1,-0.91,1.5,1,0,5.91,-34,24,0,0,0,0,53,-1,0,21.5,24,-3,2.5,45.5,28,0,0,0,0,0,0,0,0,0,0,0,0,0,0,0,0,0,0,0,0,0,0,0,0,0,0,0,0,0,0,0,0,0,0,0,2,0,0,-2100,0,0,0,0,0,3,0,0,1,WR,0,0,0,0,0,0,0,0,0,0,0,0,0,0,0,0,0,0,0,0,0,0,0,0,0,0,0,0,0,0,isabella,andy isabella,a,isabella3400wra,9/8/2019
reynolds3300wrj,54.61,Josh Reynolds,3300,LA,CAR,0,0,2.9,6.6,0,-2.73,0.9,1,0,5.63,-46,12,0,0,1,0,91,-0.8,38,25.5,24,-1.3,-1.5,49.5,70,0,0,0,0,0,0,0,0,0,0,0,0,0,0,0,0,0,0,0,0,0,0,0.94,0.31,0.25,87,0.52,0,0,0,0,0,0,0,0,4,6.9,1.1,-2200,2.01,0.18,43,20,43,30,0,0,1,WR,0,0,0,3,1,25,12,13.9,0.3,5.9,28.6,0,9.7,15.6,8.5,0,0,0,0,0,0,0,0,0,0,0,0,0,0,0,reynolds,josh reynolds,j,reynolds3300wrj,9/8/2019
rogers3300wrc,54.25,Chester Rogers,3300,IND,LAC,0,0,2.6,5.8,0,-3.03,0.8,1,0,5.63,-53,7,0,0,1,0,61,-0.2,37,19.3,25.3,-3.2,6,44.5,45,0,0,0,0,0,0,0,0,0,0,0,0,0,0,0,0,0,0,0,0,0,0,0.44,0.06,0.06,75,0.59,1,0,0,0,0,0,0,0,2,7.9,1.4,-2200,1.83,0.21,71,42,14,21,0,0,1,WR,0,0,0,4,3,30,13,9.2,0.1,5,28.6,0,11.4,5.1,10.6,0,0,0,0,0,0,0,0,0,0,0,0,0,0,0,rogers,chester rogers,c,rogers3300wrc,9/8/2019
turner3000wrm,53.91,Malik Turner,3000,SEA,CIN,0,0,2.8,5.4,0,-2.02,0.9,1,0,4.82,-56,6,0,0,1,0,87,0.7,7,26.8,17.3,1.3,-9.5,44,66,0,0,0,0,0,0,0,0,0,0,0,0,0,0,0,0,0,0,0,0,0,0,0,0,0,67,0.77,33,0,0,0,0,0,0,0,3,0.6,-0.4,-2500,3.36,0.08,8,0,50,12,0,0,1,WR,0,0,0,0,0,3,3,10,0,0.2,0,0,0.8,0,1.5,0,0,0,0,0,0,0,0,0,0,0,0,0,0,0,turner,malik turner,m,turner3000wrm,9/8/2019
inman3200wrd,53.51,Dontrelle Inman,3200,LAC,IND,0,0,2.7,5,0,-2.66,0.8,1,1.5,5.36,-58,5,0,0,1,0,57,0.2,41,25.3,19.3,-0.2,-6,44.5,55,0,0,0,0,0,0,0,0,0,0,0,0,0,0,0,0,0,0,0,0,0,0,0.7,0.4,0.2,75,0.59,1,0,0,0,0,0,0,0,3,8.4,1.6,-2300,2.15,0.2,60,33,13,15,0,0,1,WR,0,0,0,3,3,33,14,10.9,0.3,5.3,57.1,0,13,14.3,12.6,0,0,0,0,0,0,0,0,0,0,0,0,0,0,0,inman,dontrelle inman,d,inman3200wrd,9/8/2019
shepard3000wrr,52.87,Russell Shepard,3000,NYG,DAL,0,0,2,6.1,0,-2.82,0.7,0,0,4.82,0,0,0,0,1,0,87,-0.5,15,18.5,25.5,-1,7,44,33,0,0,0,0,0,0,0,0,0,0,0,0,0,0,0,0,0,0,0,0,0,0,0.14,0,0,0,0,0,0,0,0,0,0,0,0,3,2.9,0,-2500,1.94,0.19,30,15,40,20,0,0,1,WR,0,0,0,1,0,15,13,18.8,0.2,4.6,50,0,4.6,10.5,6,0,0,0,0,0,0,0,0,0,0,0,0,0,0,0,shepard,russell shepard,r,shepard3000wrr,9/8/2019
watson3200wrj,52.75,Justin Watson,3200,TB,SF,0,0,2.6,6.1,0,-2.76,0.8,1,0,5.36,-50,9,0,0,1,0,57,1.7,6,26,25,1.5,-1,51,57,0,0,0,0,0,0,0,0,0,0,0,0,0,0,0,0,0,0,0,0,0,0,0,0,0,89,0.58,1,0,0,0,0,0,0,0,4,0.1,-0.5,-2300,0.46,0.02,0,0,65,20,0,0,1,WR,0,0,0,0,0,0,0,5,0,0.4,0,0,0.7,0,0.1,0,0,0,0,0,0,0,0,0,0,0,0,0,0,0,watson,justin watson,j,watson3200wrj,9/8/2019
hardman4100wrm,50.04,Mecole Hardman,4100,KC,JAX,0,0,4.3,8.1,0,-3.51,1,1,0,7.81,-41,17,0,0,0,0,46,-0.6,0,26.3,22.8,-2.5,-3.5,49,72,0,0,0,0,0,0,0,0,0,0,0,0,0,0,0,0,0,0,0,0,0,0,0,0,0,94,0.5,1,0,0,0,0,0,0,0,4,0,0,-1400,0,0,0,0,0,4,0,0,1,WR,0,0,0,0,0,0,0,0,0,0,0,0,0,0,0,0,0,0,0,0,0,0,0,0,0,0,0,0,0,0,hardman,mecole hardman,m,hardman4100wrm,9/8/2019
campbell3800wrp,49.14,Parris Campbell,3800,IND,LAC,0,0,3.1,6.6,0,-3.9,0.8,1,1.8,7,-46,12,0,0,0,0,53,-0.2,0,19.3,25.3,-3.2,6,44.5,45,0,0,0,0,0,0,0,0,0,0,0,0,0,0,0,0,0,0,0,0,0,0,0,0,0,75,0.59,1,0,0,0,0,0,0,0,2,0,0,-1700,0,0,0,0,0,3,0,0,1,WR,0,0,0,0,0,0,0,0,0,0,0,0,0,0,0,0,0,0,0,0,0,0,0,0,0,0,0,0,0,0,campbell,parris campbell,p,campbell3800wrp,9/8/2019
erickson3200wra,47.38,Alex Erickson,3200,CIN,SEA,0,0,2.7,5.6,0,-2.66,0.8,1,5.8,5.36,-55,6,0,0,0,0,57,-0.8,24,17.3,26.8,-0.7,9.5,44,34,0,0,0,0,0,0,0,0,0,0,0,0,0,0,0,0,0,0,0,0,0,0,0.25,0.06,0,67,0.77,33,0,0,0,0,0,0,0,4,2.4,-0.8,-2300,1.11,0.1,30,5,50,20,0,0,1,WR,0,0,0,1,1,11,5,8.4,0,3.3,0,0,6.5,0,5.1,0,0,0,0,0,0,0,0,0,0,0,0,0,0,0,erickson,alex erickson,a,erickson3200wra,9/8/2019
hurns3700wra,45.81,Allen Hurns,3700,MIA,BAL,0,0,3.5,6.4,0,-3.22,0.9,1,3.2,6.72,-48,11,0,0,2,0,42,-2.5,28,17,24,0.5,7,41,22,0,0,0,0,0,0,0,0,0,0,0,0,0,0,0,0,0,0,0,0,0,0,0.31,0.13,0.06,90,0.66,1,0,0,0,0,0,0,0,3,3.2,-1.8,-1800,1.43,0.12,51,7,33,27,0,0,1,WR,0,0,0,2,1,18,13,14.8,0.1,9.3,20,0,7,9.1,7.6,0,0,0,0,0,0,0,0,0,0,0,0,0,0,0,hurns,allen hurns,a,hurns3700wra,9/8/2019
andrews3000tem,89.82,Mark Andrews,3000,BAL,MIA,0,0,7.1,15.4,0.8,1.5,2.4,4,27.8,5.6,-2,77,0,0,5,0,98,3,25,24,17,3.5,-7,41,78,0,0,0,0,0,0,0,0,0,0,0,0,0,0,0,0,0,0,0,0,0,0,0.44,0.19,0.06,90,0.66,1,0,0,0,0,0,0,0,3,7.2,1.8,-2500,2.35,0.29,77,45,4,22,0,0,1,TE,0,0,0,3,2,34,22,16.2,0.2,10.3,28.6,0,9.5,16.7,14.9,0,0,0,0,0,0,0,0,0,0,0,0,0,0,0,andrews,mark andrews,m,andrews3000tem,9/8/2019
henry3900teh,87.72,Hunter Henry,3900,LAC,IND,0,0,11.4,16.3,0.8,3.53,2.9,12,10,7.87,-3,72,0,0,5,0,96,1.8,0,25.3,19.3,-0.2,-6,44.5,55,0,0,0,0,0,0,0,0,0,0,0,0,0,0,0,0,0,0,0,0,0,0,0,0,0,75,0.59,1,0,0,0,0,0,0,0,3,0,-0.2,-1600,0,0,0,0,4,23,0,0,1,TE,0,0,0,0,0,0,0,0,0,0,0,0,0,0,0,0,0,0,0,0,0,0,0,0,0,0,0,0,0,0,henry,hunter henry,h,henry3900teh,9/8/2019
njoku3700ted,86.45,David Njoku,3700,CLE,TEN,0,0,8.9,15.4,0.6,1.53,2.4,8,13.7,7.37,-4,68,0,0,4,0,94,0.2,54,24.8,19.3,-0.5,-5.5,44,67,0,0,0,0,0,0,0,0,0,0,0,0,0,0,0,0,0,0,0,0,0,0,0.5,0.31,0.19,71,0.61,1,0,0,0,0,0,0,0,2,8.6,0.9,-1800,1.65,0.16,71,33,14,21,0,0,1,TE,0,0,0,5,3,39,21,11.4,0.3,7.6,50,0,15.7,13.8,15,0,0,0,0,0,0,0,0,0,0,0,0,0,0,0,njoku,david njoku,d,njoku3700ted,9/8/2019
hooper3200tea,84.4,Austin Hooper,3200,ATL,MIN,0,0,9,15.7,0.2,2.9,2.8,1,16.7,6.1,1,91,0,0,5,0,97,-3.3,50,21.8,25.3,0.5,3.5,47,60,0,0,0,0,0,0,0,0,0,0,0,0,0,0,0,0,0,0,0,0,0,0,0.73,0.53,0.27,0,0,0,0,0,0,0,0,0,0,3,10.2,2.1,-2300,1.82,0.2,76,38,4,21,0,0,1,TE,0,0,0,5,4,42,17,9.4,0.3,8.3,36.4,0,14.9,11.1,13.5,0,0,0,0,0,0,0,0,0,0,0,0,0,0,0,hooper,austin hooper,a,hooper3200tea,9/8/2019
olsen3200teg,83.87,Greg Olsen,3200,CAR,LA,0,0,8.3,15.4,0.3,2.2,2.6,1,7.6,6.1,0,87,0,0,6,0,92,-1.5,47,24,25.5,-0.3,1.5,49.5,30,0,0,0,0,0,0,0,0,0,0,0,0,0,0,0,0,0,0,0,0,0,0,0.5,0.25,0.25,87,0.52,0,0,0,0,0,0,0,0,3,7.3,-0.6,-2300,1.94,0.16,38,11,27,18,0,0,1,TE,0,0,0,3,3,32,13,10.8,0.4,8.2,66.7,0,13.2,23.5,12.7,0,0,0,0,0,0,0,0,0,0,0,0,0,0,0,olsen,greg olsen,g,olsen3200teg,9/8/2019
walker3500ted,83.01,Delanie Walker,3500,TEN,CLE,0,0,8.7,16.8,1.5,1.84,2.5,4,22.5,6.86,2,93,0,0,3,0,61,3,39,19.3,24.8,-0.5,5.5,44,33,0,0,0,0,0,0,0,0,0,0,0,0,0,0,0,0,0,0,0,0,0,0,1,1,1,71,0.61,1,0,0,0,0,0,0,0,2,9.2,-0.1,-2000,1.31,0.24,5,0,0,18,0,0,1,TE,0,0,0,7,4,52,16,13,0,7.4,0,0,18.4,0,23.6,0,0,0,0,0,0,0,0,0,0,0,0,0,0,0,walker,delanie walker,d,walker3500ted,9/8/2019
engram4800tee,82.94,Evan Engram,4800,NYG,DAL,0,0,12.2,19.5,1.7,2.06,2.5,20,31.6,10.14,-3,72,0,0,6,0,50,-0.7,43,18.5,25.5,-1,7,44,33,0,0,0,0,0,0,0,0,0,0,0,0,0,0,0,0,0,0,0,0,0,0,0.62,0.23,0.15,0,0,0,0,0,0,0,0,0,0,3,9.6,0.9,-700,1.58,0.22,44,36,24,25,0,0,1,TE,0,0,0,5,4,52,27,12.8,0.3,11.6,42.9,0,16.8,18.8,19.4,0,0,0,0,0,0,0,0,0,0,0,0,0,0,0,engram,evan engram,e,engram4800tee,9/8/2019
kittle6600teg,81.59,George Kittle,6600,SF,TB,0,0,16.9,23.3,1.4,2.21,2.6,16,13.4,14.69,1,91,0,0,6,0,31,-1.3,58,25,26,0.5,1,51,43,0,0,0,0,0,0,0,0,0,0,0,0,0,0,0,0,0,0,0,0,0,0,1.19,0.5,0.31,89,0.58,1,0,0,0,0,0,0,0,3,16.4,4.3,1100,2.12,0.28,84,38,3,26,0,0,1,TE,0,0,0,7,5,86,36,15.6,0.3,10.5,10.5,0,25.5,19.2,32.4,0,0,0,0,0,0,0,0,0,0,0,0,0,0,0,kittle,george kittle,g,kittle6600teg,9/8/2019
kelce7100tet,81.39,Travis Kelce,7100,KC,JAX,0,0,18.5,25.6,1.3,2.55,2.6,20,11.8,15.95,0,87,0,0,6,0,31,-1.4,62,26.3,22.8,-2.5,-3.5,49,72,0,0,0,0,0,0,0,0,0,0,0,0,0,0,0,0,0,0,0,0,0,0,1.63,0.75,0.38,94,0.5,1,0,0,0,0,0,0,0,4,20,4.3,1600,2.13,0.32,65,37,21,32,0,0,1,TE,0,0,0,9,6,83,24,13,0.6,9,34.6,0,26.6,20,26.1,0,0,0,0,0,0,0,0,0,0,0,0,0,0,0,kelce,travis kelce,t,kelce7100tet,9/8/2019
ertz6100tez,80.91,Zach Ertz,6100,PHI,WAS,0,0,15.3,22.2,1.4,1.88,2.5,12,10.4,13.42,1,91,0,0,4,0,33,-0.9,62,27.3,16.8,-0.5,-10.5,44,66,0,0,0,0,0,0,0,0,0,0,0,0,0,0,0,0,0,0,0,0,0,0,1.73,0.67,0.27,79,0.41,1,0,0,0,0,0,0,0,3,17.8,2.9,600,1.93,0.29,60,28,25,28,0,0,1,TE,0,0,0,9,7,74,19,10,0.5,6.3,26.9,0,26,27.6,25.4,0,0,0,0,0,0,0,0,0,0,0,0,0,0,0,ertz,zach ertz,z,ertz6100tez,9/8/2019
rudolph3300tek,79.6,Kyle Rudolph,3300,MIN,ATL,0,0,8,15.3,0.6,1.64,2.4,1,0,6.36,-3,72,0,0,2,0,57,-0.5,57,25.3,21.8,-0.5,-3.5,47,40,0,0,0,0,0,0,0,0,0,0,0,0,0,0,0,0,0,0,0,0,0,0,0.94,0.5,0.31,0,0,0,0,0,0,0,0,0,0,3,8.9,1,-2200,1.92,0.16,87,29,0,24,0,0,1,TE,0,0,0,4,4,39,18,9.9,0.3,7.2,20,0,13.3,13.3,14.8,0,0,0,0,0,0,0,0,0,0,0,0,0,0,0,rudolph,kyle rudolph,k,rudolph3300tek,9/8/2019
howard5000teo,79.3,OJ Howard,5000,TB,SF,0,0,11.8,17,0.7,1.15,2.4,8,6.2,10.65,1,91,0,0,5,0,47,-2.2,43,26,25,1.5,-1,51,57,0,0,0,0,0,0,0,0,0,0,0,0,0,0,0,0,0,0,0,0,0,0,0,0,0,89,0.58,1,0,0,0,0,0,0,0,4,12.2,3.3,-500,2.55,0.28,58,47,11,17,0,0,1,TE,0,0,0,4,3,56,26,16.6,0.5,12.9,0,0,11.7,20,15.1,0,0,0,0,0,0,0,0,0,0,0,0,0,0,0,howard,oj howard,o,howard5000teo,9/8/2019
doyle3400tej,79.19,Jack Doyle,3400,IND,LAC,0,0,7.6,14.1,0.6,0.99,2.2,1,3,6.61,-4,68,0,0,2,0,92,-1.2,55,19.3,25.3,-3.2,6,44.5,45,0,0,0,0,0,0,0,0,0,0,0,0,0,0,0,0,0,0,0,0,0,0,1.17,0.67,0.33,75,0.59,1,0,0,0,0,0,0,0,2,10.3,0.7,-2100,2.12,0.19,31,12,6,16,0,0,1,TE,0,0,0,4,4,40,14,9.4,0.3,7.1,28.6,0,16.6,12.5,14.7,0,0,0,0,0,0,0,0,0,0,0,0,0,0,0,doyle,jack doyle,j,doyle3400tej,9/8/2019
eifert3100tet,79.02,Tyler Eifert,3100,CIN,SEA,0,0,7.3,13.5,0.5,1.45,2.4,1,7.7,5.85,-6,61,0,0,5,0,94,-4.1,33,17.3,26.8,-0.7,9.5,44,34,0,0,0,0,0,0,0,0,0,0,0,0,0,0,0,0,0,0,0,0,0,0,0.5,0,0,67,0.77,33,0,0,0,0,0,0,0,4,9.7,0.6,-2400,2.05,0.29,20,10,0,20,0,0,1,TE,0,0,0,4,3,44,20,11.9,0.3,9.8,50,0,12.3,9.1,15,0,0,0,0,0,0,0,0,0,0,0,0,0,0,0,eifert,tyler eifert,t,eifert3100tet,9/8/2019
davis2700tev,77.4,Vernon Davis,2700,WAS,PHI,0,0,7.4,13.7,0.8,2.56,2.7,1,15.9,4.84,-5,65,0,0,4,0,37,-1.5,31,16.8,27.3,-2,10.5,44,34,0,0,0,0,0,0,0,0,0,0,0,0,0,0,0,0,0,0,0,0,0,0,0.06,0,0,79,0.41,1,0,0,0,0,0,0,0,3,4.5,-0.1,-2800,1.73,0.14,52,23,28,21,0,0,1,TE,0,0,0,2,1,26,15,14.7,0.1,9.1,0,0,8.2,13.3,12.1,0,0,0,0,0,0,0,0,0,0,0,0,0,0,0,davis,vernon davis,v,davis2700tev,9/8/2019
ebron4100tee,76.48,Eric Ebron,4100,IND,LAC,0,0,7.4,16.2,0.6,-0.98,1.8,1,1.8,8.38,2,93,0,0,2,0,57,-1.2,39,19.3,25.3,-3.2,6,44.5,45,0,0,0,0,0,0,0,0,0,0,0,0,0,0,0,0,0,0,0,0,0,0,1.63,0.63,0.38,75,0.59,1,0,0,0,0,0,0,0,2,14.7,4.4,-1400,1.93,0.38,77,50,9,22,0,0,1,TE,0,0,0,6,4,46,18,11.4,0.8,7,47.8,0,17.3,33.3,16.3,0,0,0,0,0,0,0,0,0,0,0,0,0,0,0,ebron,eric ebron,e,ebron4100tee,9/8/2019
goedert2900ted,76.17,Dallas Goedert,2900,PHI,WAS,0,0,5.7,9.7,0,0.35,2,1,3.6,5.35,-9,51,0,0,3,0,94,-0.9,33,27.3,16.8,-0.5,-10.5,44,66,0,0,0,0,0,0,0,0,0,0,0,0,0,0,0,0,0,0,0,0,0,0,0.4,0.2,0.13,79,0.41,1,0,0,0,0,0,0,0,3,5.2,0.4,-2600,2.1,0.16,58,20,25,24,0,0,1,TE,0,0,0,2,2,22,13,10.3,0.3,7.1,50,0,7,13.8,7.5,0,0,0,0,0,0,0,0,0,0,0,0,0,0,0,goedert,dallas goedert,d,goedert2900ted,9/8/2019
witten3000tej,73.92,Jason Witten,3000,DAL,NYG,0,0,6.2,10.2,0.1,0.6,2.1,1,10.5,5.6,-8,54,0,0,1,0,53,4,0,25.5,18.5,-1.5,-7,44,67,0,0,0,0,0,0,0,0,0,0,0,0,0,0,0,0,0,0,0,0,0,0,0,0,0,0,0,0,0,0,0,0,0,0,0,4,0,0,-2500,0,0,0,0,0,4,0,0,1,TE,0,0,0,0,0,0,0,0,0,0,0,0,0,0,0,0,0,0,0,0,0,0,0,0,0,0,0,0,0,0,witten,jason witten,j,witten3000tej,9/8/2019
dissly2900tew,72.44,Will Dissly,2900,SEA,CIN,0,0,6,11.4,0.1,0.65,2.1,1,2.2,5.35,-7,57,0,0,3,0,34,-0.5,31,26.8,17.3,1.3,-9.5,44,66,0,0,0,0,0,0,0,0,0,0,0,0,0,0,0,0,0,0,0,0,0,0,0.5,0.25,0.25,67,0.77,33,0,0,0,0,0,0,0,3,8.5,0.6,-2600,2.42,0.27,16,16,16,25,0,0,1,TE,0,0,0,3,2,39,27,19.5,0.5,8.9,100,0,12,28.6,17.6,0,0,0,0,0,0,0,0,0,0,0,0,0,0,0,dissly,will dissly,w,dissly2900tew,9/8/2019
swaim2900teg,71.66,Geoff Swaim,2900,JAX,KC,0,0,5.7,9.3,0,0.35,2,1,5.7,5.35,-12,43,0,0,0,0,50,2.6,57,22.8,26.3,-1,3.5,49,28,0,0,0,0,0,0,0,0,0,0,0,0,0,0,0,0,0,0,0,0,0,0,0.25,0.13,0.13,94,0.5,1,0,0,0,0,0,0,0,3,3.8,0.4,-2600,1.07,0.07,50,13,31,22,0,0,1,TE,0,0,0,3,2,26,16,9.3,0.1,7.2,25,0,11.9,11.1,12.8,0,0,0,0,0,0,0,0,0,0,0,0,0,0,0,swaim,geoff swaim,g,swaim2900teg,9/8/2019
everett2900teg,71.61,Gerald Everett,2900,LA,CAR,0,0,5.3,8.5,0,-0.05,1.8,1,1.7,5.35,-19,27,0,0,1,0,92,-1.6,23,25.5,24,-1.3,-1.5,49.5,70,0,0,0,0,0,0,0,0,0,0,0,0,0,0,0,0,0,0,0,0,0,0,0.69,0.38,0.06,87,0.52,0,0,0,0,0,0,0,0,4,5.4,0.5,-2600,1.64,0.24,61,38,19,26,0,0,1,TE,0,0,0,3,2,20,11,9.7,0.2,5.8,18.2,0,9.3,9.4,6.8,0,0,0,0,0,0,0,0,0,0,0,0,0,0,0,everett,gerald everett,g,everett2900teg,9/8/2019
james2500tej,71.04,Jesse James,2500,DET,ARI,0,0,4.4,9,0,0.06,1.8,1,2.5,4.34,-15,35,0,0,2,0,47,0.4,35,24,21.5,-0.5,-2.5,45.5,72,0,0,0,0,0,0,0,0,0,0,0,0,0,0,0,0,0,0,0,0,0,0,0.31,0.13,0.06,0,0,0,0,0,0,0,0,0,0,3,4.8,-0.7,-3000,2.18,0.14,70,25,12,24,0,0,1,TE,0,0,0,2,1,26,15,14.1,0.1,8.6,20,0,5.6,5.7,8.2,0,0,0,0,0,0,0,0,0,0,0,0,0,0,0,james,jesse james,j,james2500tej,9/8/2019
brate2800tec,70.62,Cameron Brate,2800,TB,SF,0,0,4.5,9.2,0,-0.59,1.6,1,2.8,5.09,-13,40,0,0,1,0,92,-2.2,33,26,25,1.5,-1,51,57,0,0,0,0,0,0,0,0,0,0,0,0,0,0,0,0,0,0,0,0,0,0,0.75,0.25,0.19,89,0.58,1,0,0,0,0,0,0,0,4,6.3,0.2,-2700,2.23,0.19,66,28,14,21,0,0,1,TE,0,0,0,2,1,18,11,9.6,0.4,5.3,50,0,7.7,16.7,5.4,0,0,0,0,0,0,0,0,0,0,0,0,0,0,0,brate,cameron brate,c,brate2800tec,9/8/2019
nickannett2700ten,69.85,Nick Vannett,2700,SEA,CIN,0,0,3.7,6.6,0,-1.14,1.4,1,3.6,4.84,-23,19,0,0,2,0,94,-0.5,35,26.8,17.3,1.3,-9.5,44,66,0,0,0,0,0,0,0,0,0,0,0,0,0,0,0,0,0,0,0,0,0,0,0.4,0.27,0.13,67,0.77,33,0,0,0,0,0,0,0,3,5,0.3,-2800,1.83,0.14,73,30,4,23,0,0,1,TE,0,0,0,2,1,17,11,9.3,0.2,5.4,50,0,11.6,9.4,8.3,0,0,0,0,0,0,0,0,0,0,0,0,0,0,0,nickannett,nick vannett,n,nickannett2700ten,9/8/2019
uzomah2600tec,68.51,CJ Uzomah,2600,CIN,SEA,0,0,5.3,9.5,0.1,0.71,2,1,10.6,4.59,-11,45,0,0,1,0,53,-4.1,52,17.3,26.8,-0.7,9.5,44,34,0,0,0,0,0,0,0,0,0,0,0,0,0,0,0,0,0,0,0,0,0,0,0.38,0.19,0.13,67,0.77,33,0,0,0,0,0,0,0,4,6.7,0.5,-2900,2.07,0.13,71,38,4,21,0,0,1,TE,0,0,0,3,2,27,14,10.2,0.2,7.5,50,0,10.7,11.1,12.3,0,0,0,0,0,0,0,0,0,0,0,0,0,0,0,uzomah,cj uzomah,c,uzomah2600tec,9/8/2019
hockenson3100tet,67.49,TJ Hockenson,3100,DET,ARI,0,0,5,9.1,0,-0.85,1.6,1,28.1,5.85,-14,38,0,0,0,0,57,0.4,0,24,21.5,-0.5,-2.5,45.5,72,0,0,0,0,0,0,0,0,0,0,0,0,0,0,0,0,0,0,0,0,0,0,0,0,0,0,0,0,0,0,0,0,0,0,0,3,0,0,-2400,0,0,0,0,0,4,0,0,1,TE,0,0,0,0,0,0,0,0,0,0,0,0,0,0,0,0,0,0,0,0,0,0,0,0,0,0,0,0,0,0,hockenson,tj hockenson,t,hockenson3100tet,9/8/2019
hurst2700teh,67.06,Hayden Hurst,2700,BAL,MIA,0,0,3.6,6.6,0,-1.24,1.3,1,7.1,4.84,-23,19,0,0,2,0,53,3,22,24,17,3.5,-7,41,78,0,0,0,0,0,0,0,0,0,0,0,0,0,0,0,0,0,0,0,0,0,0,0.08,0.08,0,90,0.66,1,0,0,0,0,0,0,0,3,2.4,-1.3,-2800,1.41,0.11,29,4,33,24,0,0,1,TE,0,0,0,1,1,13,10,12.5,0.1,4.2,0,0,5.5,10,6.7,0,0,0,0,0,0,0,0,0,0,0,0,0,0,0,hurst,hayden hurst,h,hurst2700teh,9/8/2019
clay2700tec,66.8,Charles Clay,2700,ARI,DET,0,0,3.2,7.8,0,-1.64,1.2,1,1.5,4.84,-20,25,0,0,0,0,47,3.4,38,21.5,24,-3,2.5,45.5,28,0,0,0,0,0,0,0,0,0,0,0,0,0,0,0,0,0,0,0,0,0,0,0.19,0.06,0.06,0,0,0,0,0,0,0,0,0,0,2,2.6,-1.3,-2800,0.96,0.07,50,15,35,20,0,0,1,TE,0,0,0,2,1,14,9,8.8,0,4.2,0,0,9.1,0,7.5,0,0,0,0,0,0,0,0,0,0,0,0,0,0,0,clay,charles clay,c,clay2700tec,9/8/2019
gesicki3000tem,66.47,Mike Gesicki,3000,MIA,BAL,0,0,4.9,8.6,0,-0.7,1.6,1,5.1,5.6,-18,29,0,0,0,0,61,-0.2,24,17,24,0.5,7,41,22,0,0,0,0,0,0,0,0,0,0,0,0,0,0,0,0,0,0,0,0,0,0,0.38,0.13,0.13,90,0.66,1,0,0,0,0,0,0,0,3,2.7,-1.6,-2500,1.38,0.11,59,4,22,22,0,0,1,TE,0,0,0,1,1,12,9,9.2,0,4.7,0,0,7.5,0,6.1,0,0,0,0,0,0,0,0,0,0,0,0,0,0,0,gesicki,mike gesicki,m,gesicki3000tem,9/8/2019
knox2500ted,65.64,Dawson Knox,2500,BUF,NYJ,0,0,3.5,7.3,0,-0.84,1.4,1,1.1,4.34,-21,23,0,0,1,0,94,-2.6,0,19.3,21.8,1.8,2.5,41,43,0,0,0,0,0,0,0,0,0,0,0,0,0,0,0,0,0,0,0,0,0,0,0,0,0,77,0.44,1,0,0,0,0,0,0,0,3,0,0,-3000,0,0,0,0,0,4,0,0,1,TE,0,0,0,0,0,0,0,0,0,0,0,0,0,0,0,0,0,0,0,0,0,0,0,0,0,0,0,0,0,0,knox,dawson knox,d,knox2500ted,9/8/2019
thomas2800tei,65.08,Ian Thomas,2800,CAR,LA,0,0,3.7,8.9,0,-1.39,1.3,1,0,5.09,-16,34,0,0,0,0,57,-1.5,35,24,25.5,-0.3,1.5,49.5,30,0,0,0,0,0,0,0,0,0,0,0,0,0,0,0,0,0,0,0,0,0,0,0.44,0.19,0.06,87,0.52,0,0,0,0,0,0,0,0,3,4.9,0.6,-2700,1.5,0.14,54,22,27,22,0,0,1,TE,0,0,0,3,2,22,11,9.3,0.1,4.6,28.6,0,10.2,7.7,8.8,0,0,0,0,0,0,0,0,0,0,0,0,0,0,0,thomas,ian thomas,i,thomas2800tei,9/8/2019
griffin2700ter,64.93,Ryan Griffin,2700,NYJ,BUF,0,0,4.5,9.7,0,-0.34,1.7,1,4,4.84,-9,51,0,0,1,0,37,-2,53,21.8,19.3,0.8,-2.5,41,57,0,0,0,0,0,0,0,0,0,0,0,0,0,0,0,0,0,0,0,0,0,0,0.67,0.33,0.2,77,0.44,1,0,0,0,0,0,0,0,3,3.4,-0.7,-2800,1.2,0.06,50,13,27,22,0,0,1,TE,0,0,0,2,1,21,13,12.7,0,6.8,0,0,9.1,0,8.1,0,0,0,0,0,0,0,0,0,0,0,0,0,0,0,griffin,ryan griffin,r,griffin2700ter,9/8/2019
smith2700tei,64.29,Irv Smith,2700,MIN,ATL,0,0,4.2,8.8,0,-0.64,1.6,1,0,4.84,-17,31,0,0,0,0,37,-0.5,0,25.3,21.8,-0.5,-3.5,47,40,0,0,0,0,0,0,0,0,0,0,0,0,0,0,0,0,0,0,0,0,0,0,0,0,0,0,0,0,0,0,0,0,0,0,0,3,0,0,-2800,0,0,0,0,0,3,0,0,1,TE,0,0,0,0,0,0,0,0,0,0,0,0,0,0,0,0,0,0,0,0,0,0,0,0,0,0,0,0,0,0,smith,irv smith,i,smith2700tei,9/8/2019
jarwin2700teb,63.91,Blake Jarwin,2700,DAL,NYG,0,0,3,5.2,0,-1.84,1.1,1,12.9,4.84,-29,9,0,0,2,0,37,4,24,25.5,18.5,-1.5,-7,44,67,0,0,0,0,0,0,0,0,0,0,0,0,0,0,0,0,0,0,0,0,0,0,0.25,0,0,0,0,0,0,0,0,0,0,0,0,4,4.5,1.1,-2800,2.01,0.19,50,12,33,24,0,0,1,TE,0,0,0,2,1,19,9,11.4,0.2,5.3,50,0,7,13.6,7.9,0,0,0,0,0,0,0,0,0,0,0,0,0,0,0,jarwin,blake jarwin,b,jarwin2700teb,9/8/2019
higbee2600tet,62.14,Tyler Higbee,2600,LA,CAR,0,0,3.3,6.9,0,-1.29,1.3,1,12,4.59,-22,21,0,0,2,0,38,-1.6,49,25.5,24,-1.3,-1.5,49.5,70,0,0,0,0,0,0,0,0,0,0,0,0,0,0,0,0,0,0,0,0,0,0,0.38,0.13,0.06,87,0.52,0,0,0,0,0,0,0,0,4,4.1,-0.6,-2900,1.92,0.08,61,15,23,26,0,0,1,TE,0,0,0,2,1,18,12,12.2,0.1,8.2,33.3,0,6.2,6.3,6.2,0,0,0,0,0,0,0,0,0,0,0,0,0,0,0,higbee,tyler higbee,t,higbee2600tet,9/8/2019
o'shaughnessy2500tej,61.79,J. O'Shaughnessy,2500,JAX,KC,0,0,2.6,5.4,0,-1.74,1,1,7.2,4.34,-27,12,0,0,0,0,47,2.6,37,22.8,26.3,-1,3.5,49,28,0,0,0,0,0,0,0,0,0,0,0,0,0,0,0,0,0,0,0,0,0,0,0.2,0.07,0,94,0.5,1,0,0,0,0,0,0,0,3,3.2,-0.4,-3000,1.19,0.09,56,4,21,23,0,0,1,TE,0,0,0,2,1,15,8,8.9,0,5.2,0,0,8.9,0,7.3,0,0,0,0,0,0,0,0,0,0,0,0,0,0,0,o'shaughnessy,j. o'shaughnessy,j,o'shaughnessy2500tej,9/8/2019
harris2500ted,61.45,Demetrius Harris,2500,CLE,TEN,0,0,3.1,5.2,0,-1.24,1.2,1,0,4.34,-29,9,0,0,1,0,47,0.2,24,24.8,19.3,-0.5,-5.5,44,67,0,0,0,0,0,0,0,0,0,0,0,0,0,0,0,0,0,0,0,0,0,0,0.27,0,0,71,0.61,1,0,0,0,0,0,0,0,2,2.6,-1.5,-3000,1.58,0.11,27,18,50,22,0,0,1,TE,0,0,0,1,0,10,6,13.7,0.2,3.5,75,0,4.6,6.5,3.4,0,0,0,0,0,0,0,0,0,0,0,0,0,0,0,harris,demetrius harris,d,harris2500ted,9/8/2019
williams2500tem,61.18,Maxx Williams,2500,ARI,DET,0,0,2.2,4.5,0,-2.14,0.9,1,2.5,4.34,-31,7,0,0,0,0,50,3.4,28,21.5,24,-3,2.5,45.5,28,0,0,0,0,0,0,0,0,0,0,0,0,0,0,0,0,0,0,0,0,0,0,0.31,0.31,0.06,0,0,0,0,0,0,0,0,0,0,2,2.3,-0.2,-3000,1.49,0.08,40,15,45,20,0,0,1,TE,0,0,0,1,1,11,7,8.9,0.1,4.1,25,0,4.1,6.3,4.6,0,0,0,0,0,0,0,0,0,0,0,0,0,0,0,williams,maxx williams,m,williams2500tem,9/8/2019
ellison2500ter,60.38,Rhett Ellison,2500,NYG,DAL,0,0,2.6,5.9,0,-1.74,1,1,1.8,4.34,-25,15,0,0,1,0,47,-0.7,39,18.5,25.5,-1,7,44,33,0,0,0,0,0,0,0,0,0,0,0,0,0,0,0,0,0,0,0,0,0,0,0.27,0.07,0,0,0,0,0,0,0,0,0,0,0,3,4,-0.2,-3000,1.98,0.1,54,13,18,22,0,0,1,TE,0,0,0,2,1,19,10,10.9,0.1,5.9,25,0,6.1,4.8,7.1,0,0,0,0,0,0,0,0,0,0,0,0,0,0,0,ellison,rhett ellison,r,ellison2500ter,9/8/2019
o'leary2500ten,59.7,Nick O'Leary,2500,MIA,BAL,0,0,2.8,5.3,0,-1.54,1.1,1,0,4.34,-28,11,0,0,1,0,47,-0.2,31,17,24,0.5,7,41,22,0,0,0,0,0,0,0,0,0,0,0,0,0,0,0,0,0,0,0,0,0,0,0.2,0.2,0.1,90,0.66,1,0,0,0,0,0,0,0,3,2,-1.7,-3000,2.01,0.06,27,5,38,18,0,0,1,TE,0,0,0,1,0,8,4,10.8,0.1,3.4,50,0,3.9,6.3,4.1,0,0,0,0,0,0,0,0,0,0,0,0,0,0,0,o'leary,nick o'leary,n,o'leary2500ten,9/8/2019
brown2500ted,57.6,Daniel Brown,2500,NYJ,BUF,0,0,2.4,3.7,0,-1.94,1,0,0,4.34,0,0,0,0,1,0,92,-2,2,21.8,19.3,0.8,-2.5,41,57,0,0,0,0,0,0,0,0,0,0,0,0,0,0,0,0,0,0,0,0,0,0,0,0,0,77,0.44,1,0,0,0,0,0,0,0,3,0,0,-3000,0,0,0,0,76,21,0,0,1,TE,0,0,0,0,0,0,0,0,0,0,0,0,0,0,0,0,0,0,0,0,0,0,0,0,0,0,0,0,0,0,brown,daniel brown,d,brown2500ted,9/8/2019
smith2500tel,57.05,Lee Smith,2500,BUF,NYJ,0,0,2.8,5.6,0,-1.54,1.1,1,0,4.34,-26,13,0,0,0,0,47,-2.6,17,19.3,21.8,1.8,2.5,41,43,0,0,0,0,0,0,0,0,0,0,0,0,0,0,0,0,0,0,0,0,0,0,0.25,0.25,0.25,77,0.44,1,0,0,0,0,0,0,0,3,2,0.2,-3000,3.5,0.12,27,13,54,22,0,0,1,TE,0,0,0,0,0,4,3,7.3,0.2,0.9,75,0,1.8,15.8,1.8,0,0,0,0,0,0,0,0,0,0,0,0,0,0,0,smith,lee smith,l,smith2500tel,9/8/2019
philadelphia defense3600,77.73,Eagles,3600,PHI,WAS,0,0,8.4,15.1,1.3,-0.91,2.3,20,1,9.31,-2,54,0,0,5,0,23,4.6,0,27.3,16.8,-0.5,-10.5,44,66,0,0,0,0,0,0,0,0,0,0,0,0,0,0,0,0,0,0,0,0,0,0,0,0,0,79,0.41,1,7.7,0,0,0,66,0,33,3,6,-0.7,-1900,0,0,87,33,12,24,0,0,1,DST,0,0,0,0,0,0,0,0,0,0,18.75,0,0,0,0,0,0,0,0,2.5,1.61,51.45,47.25,6.27,1.04,3.83,7.51,10.29,5.08,3.73,defense,philadelphia defense,p,philadelphia defense3600,9/8/2019
baltimore defense3800,74.56,Ravens,3800,BAL,MIA,0,0,8.6,14.5,1.6,-1.25,2.3,16,13,9.85,-4,41,0,0,3,0,32,4,0,24,17,3.5,-7,41,78,0,0,0,0,0,0,0,0,0,0,0,0,0,0,0,0,0,0,0,0,0,0,0,0,0,90,0.66,1,6.7,0,0,0,66,0,33,3,10,2.2,-1700,0,0,80,40,20,25,0,0,1,DST,0,0,0,0,0,0,0,0,0,0,20.97,0,0,0,0,0,0,0,0,2.4,2.08,44.19,43.5,7.45,1.29,3.54,6.33,8.27,4.07,2.45,defense,baltimore defense,b,baltimore defense3800,9/8/2019
detroit defense2900,74.45,Lions,2900,DET,ARI,0,0,7.6,15,1.9,0.17,2.6,8,7,7.43,2,82,0,0,1,0,32,3.4,0,24,21.5,-0.5,-2.5,45.5,72,0,0,0,0,0,0,0,0,0,0,0,0,0,0,0,0,0,0,0,0,0,0,0,0,0,0,0,0,8.3,0,0,0,100,0,0,3,6.3,0.2,-2600,0,0,85,33,14,21,0,0,1,DST,0,0,0,0,0,0,0,0,0,0,21.09,0,0,0,0,0,0,0,0,2.5,1.41,52.42,44.91,8.67,0.79,4.67,7.86,8.53,3.67,2.58,defense,detroit defense,d,detroit defense2900,9/8/2019
atlanta defense2400,72.03,Falcons,2400,ATL,MIN,0,0,6.7,13.6,0.9,0.61,2.8,1,0,6.09,0,71,0,0,3,0,26,2.9,0,21.8,25.3,0.5,3.5,47,60,0,0,0,0,0,0,0,0,0,0,0,0,0,0,0,0,0,0,0,0,0,0,0,0,0,0,0,0,4,0,0,0,33,0,66,3,4.8,-0.7,-3100,0,0,70,15,30,20,0,0,1,DST,0,0,0,0,0,0,0,0,0,0,21.82,0,0,0,0,0,0,0,0,2.3,2.55,54,55.76,6.36,1.51,5.15,7.77,11,5.43,3,defense,atlanta defense,a,atlanta defense2400,9/8/2019
miami defense2100,69.83,Dolphins,2100,MIA,BAL,0,0,6.2,13.6,0.8,0.92,3,1,-3,5.28,0,71,0,0,2,0,20,1.7,0,17,24,0.5,7,41,22,0,0,0,0,0,0,0,0,0,0,0,0,0,0,0,0,0,0,0,0,0,0,0,0,0,90,0.66,1,8.7,0,0,0,100,0,0,3,6.9,0.6,-3400,0,0,72,40,27,22,0,0,1,DST,0,0,0,0,0,0,0,0,0,0,21.66,0,0,0,0,0,0,0,0,2,4.13,49.8,46.8,6.1,2.12,5.13,8.15,9.81,5.29,3,defense,miami defense,m,miami defense2100,9/8/2019
kansas city defense2800,69.55,Chiefs,2800,KC,JAX,0,0,7.3,13,1.8,0.14,2.6,4,5,7.16,-12,9,0,0,3,0,26,4.1,0,26.3,22.8,-2.5,-3.5,49,72,0,0,0,0,0,0,0,0,0,0,0,0,0,0,0,0,0,0,0,0,0,0,0,0,0,94,0.5,1,7.3,0,0,0,75,0,25,4,7.8,1.6,-2700,0,0,78,50,21,28,0,0,1,DST,0,0,0,0,0,0,0,0,0,0,24.14,0,0,0,0,0,0,0,0,2.5,2.37,49.84,57.78,8.39,1.43,4.92,7.48,11.6,6.13,3.53,city,kansas city defense,k,kansas city defense2800,9/8/2019
la chargers defense3000,67.59,Chargers,3000,LAC,IND,0,0,8.3,14,1,0.6,2.8,12,2,7.7,-6,30,0,0,5,0,23,-0.2,0,25.3,19.3,-0.2,-6,44.5,55,0,0,0,0,0,0,0,0,0,0,0,0,0,0,0,0,0,0,0,0,0,0,0,0,0,75,0.59,1,6.7,0,0,0,33,33,66,3,6.9,-0.2,-2500,0,0,69,46,30,26,0,0,1,DST,0,0,0,0,0,0,0,0,0,0,17.33,0,0,0,0,0,0,0,0,2.7,2.37,48.18,49.87,6.93,1.39,3.82,7.09,9.38,6,3.69,chargers,la chargers defense,l,la chargers defense3000,9/8/2019
ny jets defense3100,66.33,Jets,3100,NYJ,BUF,0,0,7.9,14.2,0.8,-0.07,2.5,4,18,7.97,1,78,0,0,3,0,26,0.4,0,21.8,19.3,0.8,-2.5,41,57,0,0,0,0,0,0,0,0,0,0,0,0,0,0,0,0,0,0,0,0,0,0,0,0,0,77,0.44,1,13.7,0,0,0,66,66,33,3,8.4,1.5,-2400,0,0,72,54,27,22,0,0,1,DST,0,0,0,0,0,0,0,0,0,0,17.92,0,0,0,0,0,0,0,0,2.2,2.23,48.28,46.82,6.7,1.28,4.79,7.49,10.81,5.06,2.58,jets,ny jets defense,n,ny jets defense3100,9/8/2019
san francisco defense2200,66.31,49ers,2200,SF,TB,0,0,7.5,13.8,1.6,1.95,3.4,4,27,5.55,-3,48,0,0,2,0,58,0.3,0,25,26,0.5,1,51,43,0,0,0,0,0,0,0,0,0,0,0,0,0,0,0,0,0,0,0,0,0,0,0,0,0,89,0.58,1,6.7,0,0,0,66,0,33,3,4.4,-1.4,-3300,0,0,56,30,43,23,0,0,1,DST,0,0,0,0,0,0,0,0,0,0,24.1,0,0,0,0,0,0,0,0,2.4,0.37,48.34,46.28,7.01,0.21,4.97,7.3,10.38,5.27,3.38,francisco,san francisco defense,s,san francisco defense2200,9/8/2019
carolina defense2100,65.77,Panthers,2100,CAR,LA,0,0,6.8,13.4,0.9,1.52,3.2,4,4,5.28,-11,12,0,0,2,0,48,0.7,0,24,25.5,-0.3,1.5,49.5,30,0,0,0,0,0,0,0,0,0,0,0,0,0,0,0,0,0,0,0,0,0,0,0,0,0,87,0.52,0,9.7,0,0,0,66,0,33,3,6.4,-0.7,-3400,0,0,80,33,19,21,0,0,1,DST,0,0,0,0,0,0,0,0,0,0,24.09,0,0,0,0,0,0,0,0,2.3,2.46,50.47,44.53,6.62,1.43,4.92,7.68,8.56,3.93,2.15,defense,carolina defense,c,carolina defense2100,9/8/2019
tampa bay defense2200,64.85,Buccaneers,2200,TB,SF,0,0,6.7,13.5,1.4,1.15,3,1,12,5.55,-3,48,0,0,3,0,40,0.4,0,26,25,1.5,-1,51,57,0,0,0,0,0,0,0,0,0,0,0,0,0,0,0,0,0,0,0,0,0,0,0,0,0,89,0.58,1,8.5,0,0,0,75,0,25,4,5.1,-0.8,-3300,0,0,71,28,28,21,0,0,1,DST,0,0,0,0,0,0,0,0,0,0,27.88,0,0,0,0,0,0,0,0,2.2,1.69,54.49,51.41,7.12,0.94,5.62,8.23,10.31,5.38,3.23,bay,tampa bay defense,t,tampa bay defense2200,9/8/2019
la rams defense3200,61.18,Rams,3200,LA,CAR,0,0,7.2,12.9,1.9,-1.04,2.3,4,9,8.24,-13,7,0,0,1,0,32,4.5,0,25.5,24,-1.3,-1.5,49.5,70,0,0,0,0,0,0,0,0,0,0,0,0,0,0,0,0,0,0,0,0,0,0,0,0,0,87,0.52,0,9,0,0,0,100,0,0,4,9.3,1.6,-2300,0,0,82,48,17,29,0,0,1,DST,0,0,0,0,0,0,0,0,0,0,21.8,0,0,0,0,0,0,0,0,2.3,3.38,47.47,48.7,7.69,1.97,5.01,7.7,8.87,4.07,2.27,rams,la rams defense,l,la rams defense3200,9/8/2019
indianapolis defense2600,58.72,Colts,2600,IND,LAC,0,0,6.6,12.8,0.8,-0.03,2.5,1,7,6.63,-9,17,0,0,2,0,23,1.4,0,19.3,25.3,-3.2,6,44.5,45,0,0,0,0,0,0,0,0,0,0,0,0,0,0,0,0,0,0,0,0,0,0,0,0,0,75,0.59,1,8.5,0,0,0,50,0,50,2,6.9,0.2,-2900,0,0,78,39,21,23,0,0,1,DST,0,0,0,0,0,0,0,0,0,0,17.21,0,0,0,0,0,0,0,0,2.1,2.71,53.53,47.78,6.87,1.58,3.23,7.24,7.63,4.38,3.1,defense,indianapolis defense,i,indianapolis defense2600,9/8/2019
cleveland defense3400,57.23,Browns,3400,CLE,TEN,0,0,7.8,15.4,0.7,-0.97,2.3,8,0,8.77,5,93,0,0,3,0,20,-0.9,0,24.8,19.3,-0.5,-5.5,44,67,0,0,0,0,0,0,0,0,0,0,0,0,0,0,0,0,0,0,0,0,0,0,0,0,0,71,0.61,1,10.5,0,0,0,100,0,0,2,8,0.4,-2100,0,0,90,52,9,21,0,0,1,DST,0,0,0,0,0,0,0,0,0,0,21.48,0,0,0,0,0,0,0,0,2.3,2.72,50.64,49.46,5.91,1.58,3.78,6.98,9.31,5.53,3.14,defense,cleveland defense,c,cleveland defense3400,9/8/2019
minnesota defense3300,55.7,Vikings,3300,MIN,ATL,0,0,7.1,13.5,1.4,-1.41,2.2,1,16,8.51,-3,48,0,0,1,0,23,0.8,0,25.3,21.8,-0.5,-3.5,47,40,0,0,0,0,0,0,0,0,0,0,0,0,0,0,0,0,0,0,0,0,0,0,0,0,0,0,0,0,6.7,0,0,0,66,0,33,3,6.5,-0.3,-2200,0,0,80,42,19,26,0,0,1,DST,0,0,0,0,0,0,0,0,0,0,14.38,0,0,0,0,0,0,0,0,2.7,2.39,47.51,51.14,9.94,1.28,3.18,6.96,9.13,4.2,3.13,defense,minnesota defense,m,minnesota defense3300,9/8/2019
tennessee defense2600,55.6,Titans,2600,TEN,CLE,0,0,7,12.2,0.9,0.37,2.7,1,23,6.63,-11,12,0,0,1,0,26,0.6,0,19.3,24.8,-0.5,5.5,44,33,0,0,0,0,0,0,0,0,0,0,0,0,0,0,0,0,0,0,0,0,0,0,0,0,0,71,0.61,1,4,0,0,0,0,0,100,2,7,0.3,-2900,0,0,87,45,12,24,0,0,1,DST,0,0,0,0,0,0,0,0,0,0,16.67,0,0,0,0,0,0,0,0,2.3,2.06,50.09,50.12,7.32,1.15,3.33,6.96,8.4,4.23,3,defense,tennessee defense,t,tennessee defense2600,9/8/2019
seattle defense3100,55.4,Seahawks,3100,SEA,CIN,0,0,7.8,14.9,1.5,-0.17,2.5,12,12,7.97,-2,54,0,0,4,0,48,-2.1,0,26.8,17.3,1.3,-9.5,44,66,0,0,0,0,0,0,0,0,0,0,0,0,0,0,0,0,0,0,0,0,0,0,0,0,0,67,0.77,33,6,0,0,0,66,0,33,3,7.3,0.7,-2400,0,0,88,37,11,27,0,0,1,DST,0,0,0,0,0,0,0,0,0,0,19.2,0,0,0,0,0,0,0,0,2.3,2.2,51.47,48.36,7.88,1.33,3.94,7.51,7.81,4.54,2.8,defense,seattle defense,s,seattle defense3100,9/8/2019
jacksonville defense2300,52.59,Jaguars,2300,JAX,KC,0,0,7.1,13.9,0.8,1.28,3.1,1,-4,5.82,3,87,0,0,3,0,66,-2.2,0,22.8,26.3,-1,3.5,49,28,0,0,0,0,0,0,0,0,0,0,0,0,0,0,0,0,0,0,0,0,0,0,0,0,0,94,0.5,1,2,0,0,0,0,0,100,3,5.6,-1.5,-3200,0,0,60,30,39,23,0,0,1,DST,0,0,0,0,0,0,0,0,0,0,17.91,0,0,0,0,0,0,0,0,2.3,2.2,46.29,41.01,7.41,1.19,3.75,6.72,8.38,3.94,2.75,defense,jacksonville defense,j,jacksonville defense2300,9/8/2019
arizona defense2700,51.99,Cardinals,2700,ARI,DET,0,0,6.4,13.6,1.1,-0.49,2.4,1,7,6.89,0,71,0,0,1,0,20,-0.5,0,21.5,24,-3,2.5,45.5,28,0,0,0,0,0,0,0,0,0,0,0,0,0,0,0,0,0,0,0,0,0,0,0,0,0,0,0,0,4,0,0,0,50,0,50,2,6.4,0.4,-2800,0,0,90,33,9,21,0,0,1,DST,0,0,0,0,0,0,0,0,0,0,21.94,0,0,0,0,0,0,0,0,2.4,1.38,54.15,51.76,9.68,0.7,4.53,7.1,9.69,4.63,3.31,defense,arizona defense,a,arizona defense2700,9/8/2019
dallas defense3500,50.74,Cowboys,3500,DAL,NYG,0,0,8,15.2,1,-1.04,2.3,12,6,9.04,1,78,0,0,5,0,32,-2.3,0,25.5,18.5,-1.5,-7,44,67,0,0,0,0,0,0,0,0,0,0,0,0,0,0,0,0,0,0,0,0,0,0,0,0,0,0,0,0,15.8,0,0,0,100,50,0,4,7.1,-0.6,-2000,0,0,89,34,10,29,0,0,1,DST,0,0,0,0,0,0,0,0,0,0,17.73,0,0,0,0,0,0,0,0,2.5,1.66,52.58,45.25,7.2,0.97,3.61,7.33,9.4,5.5,2.77,defense,dallas defense,d,dallas defense3500,9/8/2019
ny giants defense2300,48.76,Giants,2300,NYG,DAL,0,0,6.6,12.8,0.8,0.78,2.9,1,-4,5.82,-9,17,0,0,3,0,26,-1.5,0,18.5,25.5,-1,7,44,33,0,0,0,0,0,0,0,0,0,0,0,0,0,0,0,0,0,0,0,0,0,0,0,0,0,0,0,0,10,0,0,0,100,0,0,3,5.4,-1.1,-3200,0,0,76,16,24,25,0,0,1,DST,0,0,0,0,0,0,0,0,0,0,20.75,0,0,0,0,0,0,0,0,2.2,2.86,48.75,47.07,5.36,1.6,4.58,7.55,10.6,5,3.55,giants,ny giants defense,n,ny giants defense2300,9/8/2019
cincinnati defense2000,46.73,Bengals,2000,CIN,SEA,0,0,6.1,13.5,0.9,1.09,3.1,1,6,5.01,-3,48,0,0,2,0,26,-2.5,0,17.3,26.8,-0.7,9.5,44,34,0,0,0,0,0,0,0,0,0,0,0,0,0,0,0,0,0,0,0,0,0,0,0,0,0,67,0.77,33,7.3,0,0,0,50,25,50,4,5.6,-0.5,-3500,0,0,57,33,42,21,0,0,1,DST,0,0,0,0,0,0,0,0,0,0,24.36,0,0,0,0,0,0,0,0,2.1,2.05,53.77,53.32,5.65,1.15,5.04,7.85,10.4,5.43,2.92,defense,cincinnati defense,c,cincinnati defense2000,9/8/2019
buffalo defense3000,45.76,Bills,3000,BUF,NYJ,0,0,7.3,14.1,1.3,-0.4,2.4,1,10,7.7,5,93,0,0,1,0,23,-2.1,0,19.3,21.8,1.8,2.5,41,43,0,0,0,0,0,0,0,0,0,0,0,0,0,0,0,0,0,0,0,0,0,0,0,0,0,77,0.44,1,11.3,0,0,0,66,33,33,3,7.4,0.5,-2500,0,0,75,40,25,20,0,0,1,DST,0,0,0,0,0,0,0,0,0,0,26.47,0,0,0,0,0,0,0,0,2.2,3.25,49.19,46.59,7.32,1.73,4.18,6.27,8.5,4.5,3.13,defense,buffalo defense,b,buffalo defense3000,9/8/2019
washington defense2500,31.08,Commanders,2500,WAS,PHI,0,0,5.9,13.8,1,-0.46,2.4,1,0,6.36,2,82,0,0,1,0,23,-4.2,0,16.8,27.3,-2,10.5,44,34,0,0,0,0,0,0,0,0,0,0,0,0,0,0,0,0,0,0,0,0,0,0,0,0,0,79,0.41,1,7.3,0,0,0,66,0,33,3,7.4,1.1,-3000,0,0,80,40,20,20,0,0,1,DST,0,0,0,0,0,0,0,0,0,0,18.62,0,0,0,0,0,0,0,0,2.4,2.79,48.98,50.12,8.57,1.59,4.11,7.62,9.67,4.73,2.79,defense,washington defense,w,washington defense2500,9/8/2019
