Position,Name + ID,Name,ID,Roster Position,Salary,Game Info,TeamAbbrev,AvgPointsPerGame
RB,Derrick Henry (39971373),Derrick Henry,39971373,RB/FLEX,8200,CLE@BAL 09/14/2025 01:00PM ET,BAL,33.2
WR,Ja'Marr Chase (39971653),Ja'Marr Chase,39971653,WR/FLEX,8100,JAX@CIN 09/14/2025 01:00PM ET,CIN,4.6
RB,Saquon Barkley (39971375),Saquon Barkley,39971375,RB/FLEX,8000,PHI@KC 09/14/2025 04:25PM ET,PHI,18.4
WR,CeeDee Lamb (39971655),CeeDee Lamb,39971655,WR/FLEX,7800,NYG@DAL 09/14/2025 01:00PM ET,DAL,21
WR,Puka Nacua (39971657),Puka Nacua,39971657,WR/FLEX,7600,LAR@TEN 09/14/2025 01:00PM ET,LAR,26.1
RB,Christian McCaffrey (39971377),Christian McCaffrey,39971377,RB/FLEX,7500,SF@NO 09/14/2025 01:00PM ET,SF,23.2
RB,Jahmyr Gibbs (39971379),Jahmyr Gibbs,39971379,RB/FLEX,7400,CHI@DET 09/14/2025 01:00PM ET,DET,15
WR,Malik Nabers (39971659),Malik Nabers,39971659,WR/FLEX,7100,NYG@DAL 09/14/2025 01:00PM ET,NYG,12.1
QB,Josh Allen (39971296),Josh Allen,39971296,QB,7100,BUF@NYJ 09/14/2025 01:00PM ET,BUF,41.76
QB,Lamar Jackson (39971297),Lamar Jackson,39971297,QB,7000,CLE@BAL 09/14/2025 01:00PM ET,BAL,29.36
WR,Amon-Ra St. Brown (39971661),Amon-Ra St. Brown,39971661,WR/FLEX,7000,CHI@DET 09/14/2025 01:00PM ET,DET,8.5
RB,De'Von Achane (39971381),De'Von Achane,39971381,RB/FLEX,6900,NE@MIA 09/14/2025 01:00PM ET,MIA,16.5
RB,Chase Brown (39971383),Chase Brown,39971383,RB/FLEX,6800,JAX@CIN 09/14/2025 01:00PM ET,CIN,13.1
QB,Jalen Hurts (39971298),Jalen Hurts,39971298,QB,6800,PHI@KC 09/14/2025 04:25PM ET,PHI,24.28
WR,Brian Thomas Jr. (39971663),Brian Thomas Jr.,39971663,WR/FLEX,6700,JAX@CIN 09/14/2025 01:00PM ET,JAX,9
RB,Jonathan Taylor (39971385),Jonathan Taylor,39971385,RB/FLEX,6700,DEN@IND 09/14/2025 04:05PM ET,IND,12.8
QB,Joe Burrow (39971299),Joe Burrow,39971299,QB,6600,JAX@CIN 09/14/2025 01:00PM ET,CIN,8.82
RB,James Conner (39971387),James Conner,39971387,RB/FLEX,6600,CAR@ARI 09/14/2025 04:05PM ET,ARI,14.4
WR,A.J. Brown (39971665),A.J. Brown,39971665,WR/FLEX,6600,PHI@KC 09/14/2025 04:25PM ET,PHI,1.8
WR,Garrett Wilson (39971667),Garrett Wilson,39971667,WR/FLEX,6500,BUF@NYJ 09/14/2025 01:00PM ET,NYJ,22.5
WR,Tyreek Hill (39971669),Tyreek Hill,39971669,WR/FLEX,6400,NE@MIA 09/14/2025 01:00PM ET,MIA,8
RB,James Cook (39971389),James Cook,39971389,RB/FLEX,6400,BUF@NYJ 09/14/2025 01:00PM ET,BUF,21.2
QB,Kyler Murray (39971300),Kyler Murray,39971300,QB,6400,CAR@ARI 09/14/2025 04:05PM ET,ARI,18.32
QB,Brock Purdy (39971301),Brock Purdy,39971301,QB,6300,SF@NO 09/14/2025 01:00PM ET,SF,18.78
RB,Kyren Williams (39971391),Kyren Williams,39971391,RB/FLEX,6300,LAR@TEN 09/14/2025 01:00PM ET,LAR,13.9
WR,Courtland Sutton (39971671),Courtland Sutton,39971671,WR/FLEX,6300,DEN@IND 09/14/2025 04:05PM ET,DEN,18.1
WR,Zay Flowers (39971673),Zay Flowers,39971673,WR/FLEX,6200,CLE@BAL 09/14/2025 01:00PM ET,BAL,31.1
RB,Breece Hall (39971393),Breece Hall,39971393,RB/FLEX,6200,BUF@NYJ 09/14/2025 01:00PM ET,NYJ,19.5
QB,Patrick Mahomes (39971302),Patrick Mahomes,39971302,QB,6200,PHI@KC 09/14/2025 04:25PM ET,KC,26.02
WR,Tee Higgins (39971675),Tee Higgins,39971675,WR/FLEX,6100,JAX@CIN 09/14/2025 01:00PM ET,CIN,6.3
RB,Alvin Kamara (39971395),Alvin Kamara,39971395,RB/FLEX,6100,SF@NO 09/14/2025 01:00PM ET,NO,13.7
QB,Bo Nix (39971303),Bo Nix,39971303,QB,6100,DEN@IND 09/14/2025 04:05PM ET,DEN,9.84
QB,Jared Goff (39971304),Jared Goff,39971304,QB,6000,CHI@DET 09/14/2025 01:00PM ET,DET,11.9
WR,Jaxon Smith-Njigba (39971677),Jaxon Smith-Njigba,39971677,WR/FLEX,6000,SEA@PIT 09/14/2025 01:00PM ET,SEA,23.4
RB,Chuba Hubbard (39971397),Chuba Hubbard,39971397,RB/FLEX,6000,CAR@ARI 09/14/2025 04:05PM ET,CAR,17.9
TE,Trey McBride (39972095),Trey McBride,39972095,TE/FLEX,6000,CAR@ARI 09/14/2025 04:05PM ET,ARI,12.1
QB,Dak Prescott (39971305),Dak Prescott,39971305,QB,5900,NYG@DAL 09/14/2025 01:00PM ET,DAL,7.82
WR,DK Metcalf (39971679),DK Metcalf,39971679,WR/FLEX,5900,SEA@PIT 09/14/2025 01:00PM ET,PIT,12.3
RB,Tony Pollard (39971399),Tony Pollard,39971399,RB/FLEX,5900,LAR@TEN 09/14/2025 01:00PM ET,TEN,8.9
WR,Davante Adams (39971681),Davante Adams,39971681,WR/FLEX,5900,LAR@TEN 09/14/2025 01:00PM ET,LAR,9.1
RB,Javonte Williams (39971401),Javonte Williams,39971401,RB/FLEX,5800,NYG@DAL 09/14/2025 01:00PM ET,DAL,20.4
WR,George Pickens (39971685),George Pickens,39971685,WR/FLEX,5800,NYG@DAL 09/14/2025 01:00PM ET,DAL,6
QB,Matthew Stafford (39971306),Matthew Stafford,39971306,QB,5800,LAR@TEN 09/14/2025 01:00PM ET,LAR,13.6
WR,Marvin Harrison Jr. (39971683),Marvin Harrison Jr.,39971683,WR/FLEX,5800,CAR@ARI 09/14/2025 04:05PM ET,ARI,18.1
RB,Travis Etienne Jr. (39971405),Travis Etienne Jr.,39971405,RB/FLEX,5700,JAX@CIN 09/14/2025 01:00PM ET,JAX,21.6
RB,D'Andre Swift (39971403),D'Andre Swift,39971403,RB/FLEX,5700,CHI@DET 09/14/2025 01:00PM ET,CHI,9.5
WR,Jameson Williams (39971687),Jameson Williams,39971687,WR/FLEX,5700,CHI@DET 09/14/2025 01:00PM ET,DET,6.6
QB,Justin Fields (39971307),Justin Fields,39971307,QB,5700,BUF@NYJ 09/14/2025 01:00PM ET,NYJ,29.52
WR,Xavier Worthy (39971689),Xavier Worthy,39971689,WR/FLEX,5700,PHI@KC 09/14/2025 04:25PM ET,KC,0
QB,Trevor Lawrence (39971308),Trevor Lawrence,39971308,QB,5600,JAX@CIN 09/14/2025 01:00PM ET,JAX,11.32
WR,DJ Moore (39971691),DJ Moore,39971691,WR/FLEX,5600,CHI@DET 09/14/2025 01:00PM ET,CHI,9.6
RB,Kenneth Walker III (39971407),Kenneth Walker III,39971407,RB/FLEX,5600,SEA@PIT 09/14/2025 01:00PM ET,SEA,5.4
RB,J.K. Dobbins (39971409),J.K. Dobbins,39971409,RB/FLEX,5600,DEN@IND 09/14/2025 04:05PM ET,DEN,14.8
WR,DeVonta Smith (39971693),DeVonta Smith,39971693,WR/FLEX,5600,PHI@KC 09/14/2025 04:25PM ET,PHI,4.6
RB,TreVeyon Henderson (39971413),TreVeyon Henderson,39971413,RB/FLEX,5500,NE@MIA 09/14/2025 01:00PM ET,NE,11.1
TE,George Kittle (39972097),George Kittle,39972097,TE/FLEX,5500,SF@NO 09/14/2025 01:00PM ET,SF,12.5
WR,Khalil Shakir (39971695),Khalil Shakir,39971695,WR/FLEX,5500,BUF@NYJ 09/14/2025 01:00PM ET,BUF,12.4
QB,Aaron Rodgers (39971309),Aaron Rodgers,39971309,QB,5500,SEA@PIT 09/14/2025 01:00PM ET,PIT,25.66
RB,Isiah Pacheco (39971411),Isiah Pacheco,39971411,RB/FLEX,5500,PHI@KC 09/14/2025 04:25PM ET,KC,4.8
QB,Caleb Williams (39971310),Caleb Williams,39971310,QB,5400,CHI@DET 09/14/2025 01:00PM ET,CHI,24.2
RB,David Montgomery (39971415),David Montgomery,39971415,RB/FLEX,5400,CHI@DET 09/14/2025 01:00PM ET,DET,8.3
WR,Jaylen Waddle (39971697),Jaylen Waddle,39971697,WR/FLEX,5400,NE@MIA 09/14/2025 01:00PM ET,MIA,7
RB,Jaylen Warren (39971417),Jaylen Warren,39971417,RB/FLEX,5400,SEA@PIT 09/14/2025 01:00PM ET,PIT,13.9
WR,Tetairoa McMillan (39971699),Tetairoa McMillan,39971699,WR/FLEX,5400,CAR@ARI 09/14/2025 04:05PM ET,CAR,11.8
WR,Jerry Jeudy (39971701),Jerry Jeudy,39971701,WR/FLEX,5300,CLE@BAL 09/14/2025 01:00PM ET,CLE,11.6
RB,Tyrone Tracy Jr. (39971421),Tyrone Tracy Jr.,39971421,RB/FLEX,5300,NYG@DAL 09/14/2025 01:00PM ET,NYG,5.5
QB,Tua Tagovailoa (39971311),Tua Tagovailoa,39971311,QB,5300,NE@MIA 09/14/2025 01:00PM ET,MIA,8.26
WR,Ricky Pearsall (39971703),Ricky Pearsall,39971703,WR/FLEX,5300,SF@NO 09/14/2025 01:00PM ET,SF,17.8
RB,RJ Harvey (39971419),RJ Harvey,39971419,RB/FLEX,5300,DEN@IND 09/14/2025 04:05PM ET,DEN,7.9
RB,Dylan Sampson (39971423),Dylan Sampson,39971423,RB/FLEX,5200,CLE@BAL 09/14/2025 01:00PM ET,CLE,17.3
WR,Travis Hunter (39971705),Travis Hunter,39971705,WR/FLEX,5200,JAX@CIN 09/14/2025 01:00PM ET,JAX,9.3
QB,Drake Maye (39971312),Drake Maye,39971312,QB,5200,NE@MIA 09/14/2025 01:00PM ET,NE,16.78
RB,Braelon Allen (39971425),Braelon Allen,39971425,RB/FLEX,5200,BUF@NYJ 09/14/2025 01:00PM ET,NYJ,6.9
QB,Daniel Jones (39971313),Daniel Jones,39971313,QB,5200,DEN@IND 09/14/2025 04:05PM ET,IND,29.48
WR,Hollywood Brown (39971707),Hollywood Brown,39971707,WR/FLEX,5200,PHI@KC 09/14/2025 04:25PM ET,KC,19.9
RB,Quinshon Judkins (39971429),Quinshon Judkins,39971429,RB/FLEX,5100,CLE@BAL 09/14/2025 01:00PM ET,CLE,0
QB,Russell Wilson (39971315),Russell Wilson,39971315,QB,5100,NYG@DAL 09/14/2025 01:00PM ET,NYG,11.12
WR,Keon Coleman (39971711),Keon Coleman,39971711,WR/FLEX,5100,BUF@NYJ 09/14/2025 01:00PM ET,BUF,28.2
RB,Zach Charbonnet (39971427),Zach Charbonnet,39971427,RB/FLEX,5100,SEA@PIT 09/14/2025 01:00PM ET,SEA,10.7
QB,Bryce Young (39971314),Bryce Young,39971314,QB,5100,CAR@ARI 09/14/2025 04:05PM ET,CAR,11.16
WR,Michael Pittman Jr. (39971709),Michael Pittman Jr.,39971709,WR/FLEX,5100,DEN@IND 09/14/2025 04:05PM ET,IND,20
QB,Joe Flacco (39971317),Joe Flacco,39971317,QB,5000,CLE@BAL 09/14/2025 01:00PM ET,CLE,14.2
RB,Rhamondre Stevenson (39971433),Rhamondre Stevenson,39971433,RB/FLEX,5000,NE@MIA 09/14/2025 01:00PM ET,NE,4.7
WR,Stefon Diggs (39971713),Stefon Diggs,39971713,WR/FLEX,5000,NE@MIA 09/14/2025 01:00PM ET,NE,11.7
RB,Brian Robinson Jr. (39971431),Brian Robinson Jr.,39971431,RB/FLEX,5000,SF@NO 09/14/2025 01:00PM ET,SF,4.7
QB,Sam Darnold (39971316),Sam Darnold,39971316,QB,5000,SEA@PIT 09/14/2025 01:00PM ET,SEA,6.4
WR,Cooper Kupp (39971715),Cooper Kupp,39971715,WR/FLEX,5000,SEA@PIT 09/14/2025 01:00PM ET,SEA,3.5
TE,Travis Kelce (39972099),Travis Kelce,39972099,TE/FLEX,5000,PHI@KC 09/14/2025 04:25PM ET,KC,12.7
RB,Roschon Johnson (39971435),Roschon Johnson,39971435,RB/FLEX,4900,CHI@DET 09/14/2025 01:00PM ET,CHI,0
RB,Jaylen Wright (39971439),Jaylen Wright,39971439,RB/FLEX,4900,NE@MIA 09/14/2025 01:00PM ET,MIA,0
WR,Chris Olave (39971717),Chris Olave,39971717,WR/FLEX,4900,SF@NO 09/14/2025 01:00PM ET,NO,12.4
RB,Kaleb Johnson (39971437),Kaleb Johnson,39971437,RB/FLEX,4900,SEA@PIT 09/14/2025 01:00PM ET,PIT,-0.2
QB,Cam Ward (39971318),Cam Ward,39971318,QB,4900,LAR@TEN 09/14/2025 01:00PM ET,TEN,3.48
WR,Calvin Ridley (39971719),Calvin Ridley,39971719,WR/FLEX,4900,LAR@TEN 09/14/2025 01:00PM ET,TEN,6.7
RB,Jaydon Blue (39971441),Jaydon Blue,39971441,RB/FLEX,4800,NYG@DAL 09/14/2025 01:00PM ET,DAL,0
RB,Cam Skattebo (39971443),Cam Skattebo,39971443,RB/FLEX,4800,NYG@DAL 09/14/2025 01:00PM ET,NYG,2.9
WR,Rome Odunze (39971721),Rome Odunze,39971721,WR/FLEX,4800,CHI@DET 09/14/2025 01:00PM ET,CHI,15.7
TE,Sam LaPorta (39972101),Sam LaPorta,39972101,TE/FLEX,4800,CHI@DET 09/14/2025 01:00PM ET,DET,13.9
QB,Spencer Rattler (39971319),Spencer Rattler,39971319,QB,4800,SF@NO 09/14/2025 01:00PM ET,NO,11.46
WR,Jauan Jennings (39971723),Jauan Jennings,39971723,WR/FLEX,4800,SF@NO 09/14/2025 01:00PM ET,SF,3.6
RB,Tank Bigsby (39971445),Tank Bigsby,39971445,RB/FLEX,4700,PHI@KC 09/14/2025 04:25PM ET,PHI,1.2
TE,Mark Andrews (39972103),Mark Andrews,39972103,TE/FLEX,4700,CLE@BAL 09/14/2025 01:00PM ET,BAL,1.5
WR,Luther Burden III (39971725),Luther Burden III,39971725,WR/FLEX,4700,CHI@DET 09/14/2025 01:00PM ET,CHI,0.7
WR,Calvin Austin III (39971727),Calvin Austin III,39971727,WR/FLEX,4700,SEA@PIT 09/14/2025 01:00PM ET,PIT,17
QB,Anthony Richardson Sr. (39971320),Anthony Richardson Sr.,39971320,QB,4700,DEN@IND 09/14/2025 04:05PM ET,IND,0
RB,DJ Giddens (39971447),DJ Giddens,39971447,RB/FLEX,4700,DEN@IND 09/14/2025 04:05PM ET,IND,4.1
RB,Jerome Ford (39971449),Jerome Ford,39971449,RB/FLEX,4600,CLE@BAL 09/14/2025 01:00PM ET,CLE,1.5
WR,Rashod Bateman (39971731),Rashod Bateman,39971731,WR/FLEX,4600,CLE@BAL 09/14/2025 01:00PM ET,BAL,3
QB,Jaxson Dart (39971321),Jaxson Dart,39971321,QB,4600,NYG@DAL 09/14/2025 01:00PM ET,NYG,0
QB,Jameis Winston (39971322),Jameis Winston,39971322,QB,4600,NYG@DAL 09/14/2025 01:00PM ET,NYG,0
RB,Trey Benson (39971451),Trey Benson,39971451,RB/FLEX,4600,CAR@ARI 09/14/2025 04:05PM ET,ARI,8.5
WR,Josh Downs (39971729),Josh Downs,39971729,WR/FLEX,4600,DEN@IND 09/14/2025 04:05PM ET,IND,3.2
QB,Shedeur Sanders (39971323),Shedeur Sanders,39971323,QB,4500,CLE@BAL 09/14/2025 01:00PM ET,CLE,0
QB,Dillon Gabriel (39971324),Dillon Gabriel,39971324,QB,4500,CLE@BAL 09/14/2025 01:00PM ET,CLE,0
RB,Antonio Gibson (39971457),Antonio Gibson,39971457,RB/FLEX,4500,NE@MIA 09/14/2025 01:00PM ET,NE,0.3
WR,Kayshon Boutte (39971735),Kayshon Boutte,39971735,WR/FLEX,4500,NE@MIA 09/14/2025 01:00PM ET,NE,19.3
RB,Isaac Guerendo (39971455),Isaac Guerendo,39971455,RB/FLEX,4500,SF@NO 09/14/2025 01:00PM ET,SF,0
WR,Rashid Shaheed (39971733),Rashid Shaheed,39971733,WR/FLEX,4500,SF@NO 09/14/2025 01:00PM ET,NO,9.3
RB,Rico Dowdle (39971459),Rico Dowdle,39971459,RB/FLEX,4500,CAR@ARI 09/14/2025 04:05PM ET,CAR,3.6
TE,Tyler Warren (39972105),Tyler Warren,39972105,TE/FLEX,4500,DEN@IND 09/14/2025 04:05PM ET,IND,14.9
RB,Kareem Hunt (39971453),Kareem Hunt,39971453,RB/FLEX,4500,PHI@KC 09/14/2025 04:25PM ET,KC,4.6
TE,David Njoku (39972107),David Njoku,39972107,TE/FLEX,4400,CLE@BAL 09/14/2025 01:00PM ET,CLE,6.7
WR,Wan'Dale Robinson (39971737),Wan'Dale Robinson,39971737,WR/FLEX,4400,NYG@DAL 09/14/2025 01:00PM ET,NYG,11.5
QB,Tyson Bagent (39971325),Tyson Bagent,39971325,QB,4400,CHI@DET 09/14/2025 01:00PM ET,CHI,0
RB,Ollie Gordon II (39971465),Ollie Gordon II,39971465,RB/FLEX,4400,NE@MIA 09/14/2025 01:00PM ET,MIA,1.3
RB,Ray Davis (39971461),Ray Davis,39971461,RB/FLEX,4400,BUF@NYJ 09/14/2025 01:00PM ET,BUF,1.1
WR,Joshua Palmer (39971739),Joshua Palmer,39971739,WR/FLEX,4400,BUF@NYJ 09/14/2025 01:00PM ET,BUF,11.1
RB,Kenneth Gainwell (39971463),Kenneth Gainwell,39971463,RB/FLEX,4400,SEA@PIT 09/14/2025 01:00PM ET,PIT,5.3
RB,Will Shipley (39971467),Will Shipley,39971467,RB/FLEX,4400,PHI@KC 09/14/2025 04:25PM ET,PHI,2.6
WR,Cedric Tillman (39971741),Cedric Tillman,39971741,WR/FLEX,4300,CLE@BAL 09/14/2025 01:00PM ET,CLE,16.2
RB,Samaje Perine (39971469),Samaje Perine,39971469,RB/FLEX,4300,JAX@CIN 09/14/2025 01:00PM ET,CIN,2.6
RB,Miles Sanders (39971473),Miles Sanders,39971473,RB/FLEX,4300,NYG@DAL 09/14/2025 01:00PM ET,DAL,5
RB,Devin Singletary (39971477),Devin Singletary,39971477,RB/FLEX,4300,NYG@DAL 09/14/2025 01:00PM ET,NYG,0.9
WR,DeMario Douglas (39971743),DeMario Douglas,39971743,WR/FLEX,4300,NE@MIA 09/14/2025 01:00PM ET,NE,8.2
QB,Tyler Shough (39971326),Tyler Shough,39971326,QB,4300,SF@NO 09/14/2025 01:00PM ET,NO,0
QB,Jimmy Garoppolo (39971327),Jimmy Garoppolo,39971327,QB,4300,LAR@TEN 09/14/2025 01:00PM ET,LAR,0
RB,Blake Corum (39971471),Blake Corum,39971471,RB/FLEX,4300,LAR@TEN 09/14/2025 01:00PM ET,LAR,2.6
RB,Jaleel McLaughlin (39971475),Jaleel McLaughlin,39971475,RB/FLEX,4300,DEN@IND 09/14/2025 04:05PM ET,DEN,0
RB,Justice Hill (39971485),Justice Hill,39971485,RB/FLEX,4200,CLE@BAL 09/14/2025 01:00PM ET,BAL,-0.1
WR,DeAndre Hopkins (39971747),DeAndre Hopkins,39971747,WR/FLEX,4200,CLE@BAL 09/14/2025 01:00PM ET,BAL,11.5
RB,Bhayshul Tuten (39971483),Bhayshul Tuten,39971483,RB/FLEX,4200,JAX@CIN 09/14/2025 01:00PM ET,JAX,1.1
WR,Dyami Brown (39971745),Dyami Brown,39971745,WR/FLEX,4200,JAX@CIN 09/14/2025 01:00PM ET,JAX,8.8
RB,Kyle Monangai (39971481),Kyle Monangai,39971481,RB/FLEX,4200,CHI@DET 09/14/2025 01:00PM ET,CHI,2.1
RB,Ty Johnson (39971479),Ty Johnson,39971479,RB/FLEX,4200,BUF@NYJ 09/14/2025 01:00PM ET,BUF,2.4
TE,Evan Engram (39972109),Evan Engram,39972109,TE/FLEX,4200,DEN@IND 09/14/2025 04:05PM ET,DEN,5.1
RB,Raheim Sanders (39971491),Raheim Sanders,39971491,RB/FLEX,4100,CLE@BAL 09/14/2025 01:00PM ET,CLE,6.3
RB,Kendre Miller (39971493),Kendre Miller,39971493,RB/FLEX,4100,SF@NO 09/14/2025 01:00PM ET,NO,2.4
QB,Andy Dalton (39971328),Andy Dalton,39971328,QB,4100,CAR@ARI 09/14/2025 04:05PM ET,CAR,0
RB,Tyler Badie (39971489),Tyler Badie,39971489,RB/FLEX,4100,DEN@IND 09/14/2025 04:05PM ET,DEN,3.6
WR,Alec Pierce (39971749),Alec Pierce,39971749,WR/FLEX,4100,DEN@IND 09/14/2025 04:05PM ET,IND,4.6
WR,Marvin Mims Jr. (39971751),Marvin Mims Jr.,39971751,WR/FLEX,4100,DEN@IND 09/14/2025 04:05PM ET,DEN,3.2
RB,A.J. Dillon (39971487),A.J. Dillon,39971487,RB/FLEX,4100,PHI@KC 09/14/2025 04:25PM ET,PHI,1
RB,Cody Schrader (39971543),Cody Schrader,39971543,RB/FLEX,4000,JAX@CIN 09/14/2025 01:00PM ET,JAX,0
QB,Cooper Rush (39971368),Cooper Rush,39971368,QB,4000,CLE@BAL 09/14/2025 01:00PM ET,BAL,0
QB,Tyler Huntley (39971369),Tyler Huntley,39971369,QB,4000,CLE@BAL 09/14/2025 01:00PM ET,BAL,0
QB,Deshaun Watson (39971370),Deshaun Watson,39971370,QB,4000,CLE@BAL 09/14/2025 01:00PM ET,CLE,0
QB,Bailey Zappe (39971371),Bailey Zappe,39971371,QB,4000,CLE@BAL 09/14/2025 01:00PM ET,CLE,0
RB,Trayveon Williams (39971513),Trayveon Williams,39971513,RB/FLEX,4000,CLE@BAL 09/14/2025 01:00PM ET,CLE,0
RB,Rasheen Ali (39971635),Rasheen Ali,39971635,RB/FLEX,4000,CLE@BAL 09/14/2025 01:00PM ET,BAL,0.5
RB,Keaton Mitchell (39971637),Keaton Mitchell,39971637,RB/FLEX,4000,CLE@BAL 09/14/2025 01:00PM ET,BAL,0
RB,Patrick Ricard (39971639),Patrick Ricard,39971639,RB/FLEX,4000,CLE@BAL 09/14/2025 01:00PM ET,BAL,0
RB,D'Ernest Johnson (39971641),D'Ernest Johnson,39971641,RB/FLEX,4000,CLE@BAL 09/14/2025 01:00PM ET,BAL,0
RB,Lucas Scott (39971643),Lucas Scott,39971643,RB/FLEX,4000,CLE@BAL 09/14/2025 01:00PM ET,BAL,0
RB,Ahmani Marshall (39971645),Ahmani Marshall,39971645,RB/FLEX,4000,CLE@BAL 09/14/2025 01:00PM ET,CLE,0
QB,Jake Browning (39971330),Jake Browning,39971330,QB,4000,JAX@CIN 09/14/2025 01:00PM ET,CIN,0
QB,Nick Mullens (39971340),Nick Mullens,39971340,QB,4000,JAX@CIN 09/14/2025 01:00PM ET,JAX,0
QB,Seth Henigan (39971366),Seth Henigan,39971366,QB,4000,JAX@CIN 09/14/2025 01:00PM ET,JAX,0
QB,Brett Rypien (39971367),Brett Rypien,39971367,QB,4000,JAX@CIN 09/14/2025 01:00PM ET,CIN,0
RB,LeQuint Allen Jr. (39971625),LeQuint Allen Jr.,39971625,RB/FLEX,4000,JAX@CIN 09/14/2025 01:00PM ET,JAX,2.1
RB,Ja'Quinden Jackson (39971627),Ja'Quinden Jackson,39971627,RB/FLEX,4000,JAX@CIN 09/14/2025 01:00PM ET,JAX,0
RB,Tahj Brooks (39971629),Tahj Brooks,39971629,RB/FLEX,4000,JAX@CIN 09/14/2025 01:00PM ET,CIN,0
RB,Kendall Milton (39971631),Kendall Milton,39971631,RB/FLEX,4000,JAX@CIN 09/14/2025 01:00PM ET,CIN,0
RB,Gary Brightwell (39971633),Gary Brightwell,39971633,RB/FLEX,4000,JAX@CIN 09/14/2025 01:00PM ET,CIN,0
QB,Joe Milton III (39971333),Joe Milton III,39971333,QB,4000,NYG@DAL 09/14/2025 01:00PM ET,DAL,0
QB,Will Grier (39971365),Will Grier,39971365,QB,4000,NYG@DAL 09/14/2025 01:00PM ET,DAL,0
RB,Phil Mafah (39971505),Phil Mafah,39971505,RB/FLEX,4000,NYG@DAL 09/14/2025 01:00PM ET,DAL,0
RB,Eric Gray (39971617),Eric Gray,39971617,RB/FLEX,4000,NYG@DAL 09/14/2025 01:00PM ET,NYG,0
RB,Dante Miller (39971619),Dante Miller,39971619,RB/FLEX,4000,NYG@DAL 09/14/2025 01:00PM ET,NYG,0
RB,Hunter Luepke (39971621),Hunter Luepke,39971621,RB/FLEX,4000,NYG@DAL 09/14/2025 01:00PM ET,DAL,0
RB,Malik Davis (39971623),Malik Davis,39971623,RB/FLEX,4000,NYG@DAL 09/14/2025 01:00PM ET,DAL,0
QB,Kyle Allen (39971362),Kyle Allen,39971362,QB,4000,CHI@DET 09/14/2025 01:00PM ET,DET,0
QB,C.J. Beathard (39971363),C.J. Beathard,39971363,QB,4000,CHI@DET 09/14/2025 01:00PM ET,DET,0
QB,Case Keenum (39971364),Case Keenum,39971364,QB,4000,CHI@DET 09/14/2025 01:00PM ET,CHI,0
RB,Craig Reynolds (39971603),Craig Reynolds,39971603,RB/FLEX,4000,CHI@DET 09/14/2025 01:00PM ET,DET,0
RB,Sione Vaki (39971605),Sione Vaki,39971605,RB/FLEX,4000,CHI@DET 09/14/2025 01:00PM ET,DET,0
RB,Jacob Saylors (39971607),Jacob Saylors,39971607,RB/FLEX,4000,CHI@DET 09/14/2025 01:00PM ET,DET,0
RB,Kye Robichaux (39971609),Kye Robichaux,39971609,RB/FLEX,4000,CHI@DET 09/14/2025 01:00PM ET,DET,0
RB,Travis Homer (39971611),Travis Homer,39971611,RB/FLEX,4000,CHI@DET 09/14/2025 01:00PM ET,CHI,0
RB,Deion Hankins (39971613),Deion Hankins,39971613,RB/FLEX,4000,CHI@DET 09/14/2025 01:00PM ET,CHI,0
RB,Brittain Brown (39971615),Brittain Brown,39971615,RB/FLEX,4000,CHI@DET 09/14/2025 01:00PM ET,CHI,0
QB,Zach Wilson (39971329),Zach Wilson,39971329,QB,4000,NE@MIA 09/14/2025 01:00PM ET,MIA,1.58
QB,Joshua Dobbs (39971332),Joshua Dobbs,39971332,QB,4000,NE@MIA 09/14/2025 01:00PM ET,NE,0
QB,Tommy DeVito (39971338),Tommy DeVito,39971338,QB,4000,NE@MIA 09/14/2025 01:00PM ET,NE,0
QB,Quinn Ewers (39971361),Quinn Ewers,39971361,QB,4000,NE@MIA 09/14/2025 01:00PM ET,MIA,0
RB,Alexander Mattison (39971507),Alexander Mattison,39971507,RB/FLEX,4000,NE@MIA 09/14/2025 01:00PM ET,MIA,0
RB,Lan Larison (39971589),Lan Larison,39971589,RB/FLEX,4000,NE@MIA 09/14/2025 01:00PM ET,NE,0
RB,Deneric Prince (39971591),Deneric Prince,39971591,RB/FLEX,4000,NE@MIA 09/14/2025 01:00PM ET,NE,0
RB,Brock Lampe (39971593),Brock Lampe,39971593,RB/FLEX,4000,NE@MIA 09/14/2025 01:00PM ET,NE,0
RB,Terrell Jennings (39971595),Terrell Jennings,39971595,RB/FLEX,4000,NE@MIA 09/14/2025 01:00PM ET,NE,0
RB,Jeff Wilson Jr. (39971597),Jeff Wilson Jr.,39971597,RB/FLEX,4000,NE@MIA 09/14/2025 01:00PM ET,MIA,0
RB,JaMycal Hasty (39971599),JaMycal Hasty,39971599,RB/FLEX,4000,NE@MIA 09/14/2025 01:00PM ET,MIA,0
RB,Alec Ingold (39971601),Alec Ingold,39971601,RB/FLEX,4000,NE@MIA 09/14/2025 01:00PM ET,MIA,1.1
RB,Jack Westover (39971651),Jack Westover,39971651,RB/FLEX,4000,NE@MIA 09/14/2025 01:00PM ET,NE,0
TE,Hunter Henry (39972111),Hunter Henry,39972111,TE/FLEX,4000,NE@MIA 09/14/2025 01:00PM ET,NE,10.6
QB,Mac Jones (39971331),Mac Jones,39971331,QB,4000,SF@NO 09/14/2025 01:00PM ET,SF,0
QB,Kurtis Rourke (39971359),Kurtis Rourke,39971359,QB,4000,SF@NO 09/14/2025 01:00PM ET,SF,0
QB,Adrian Martinez (39971360),Adrian Martinez,39971360,QB,4000,SF@NO 09/14/2025 01:00PM ET,SF,0
RB,Jordan James (39971515),Jordan James,39971515,RB/FLEX,4000,SF@NO 09/14/2025 01:00PM ET,SF,0
RB,Patrick Taylor Jr. (39971579),Patrick Taylor Jr.,39971579,RB/FLEX,4000,SF@NO 09/14/2025 01:00PM ET,SF,0
RB,Sincere McCormick (39971581),Sincere McCormick,39971581,RB/FLEX,4000,SF@NO 09/14/2025 01:00PM ET,SF,0
RB,Kyle Juszczyk (39971583),Kyle Juszczyk,39971583,RB/FLEX,4000,SF@NO 09/14/2025 01:00PM ET,SF,5.2
RB,Devin Neal (39971585),Devin Neal,39971585,RB/FLEX,4000,SF@NO 09/14/2025 01:00PM ET,NO,0.9
RB,Velus Jones Jr. (39971587),Velus Jones Jr.,39971587,RB/FLEX,4000,SF@NO 09/14/2025 01:00PM ET,NO,0
WR,Brandin Cooks (39971753),Brandin Cooks,39971753,WR/FLEX,4000,SF@NO 09/14/2025 01:00PM ET,NO,5.6
QB,Tyrod Taylor (39971339),Tyrod Taylor,39971339,QB,4000,BUF@NYJ 09/14/2025 01:00PM ET,NYJ,0
QB,Brady Cook (39971356),Brady Cook,39971356,QB,4000,BUF@NYJ 09/14/2025 01:00PM ET,NYJ,0
QB,Mitchell Trubisky (39971357),Mitchell Trubisky,39971357,QB,4000,BUF@NYJ 09/14/2025 01:00PM ET,BUF,0
QB,Shane Buechele (39971358),Shane Buechele,39971358,QB,4000,BUF@NYJ 09/14/2025 01:00PM ET,BUF,0
RB,Isaiah Davis (39971567),Isaiah Davis,39971567,RB/FLEX,4000,BUF@NYJ 09/14/2025 01:00PM ET,NYJ,1.8
RB,Kene Nwangwu (39971569),Kene Nwangwu,39971569,RB/FLEX,4000,BUF@NYJ 09/14/2025 01:00PM ET,NYJ,0
RB,Andrew Beck (39971571),Andrew Beck,39971571,RB/FLEX,4000,BUF@NYJ 09/14/2025 01:00PM ET,NYJ,0
RB,Lawrance Toafili (39971573),Lawrance Toafili,39971573,RB/FLEX,4000,BUF@NYJ 09/14/2025 01:00PM ET,NYJ,0
RB,Frank Gore Jr. (39971575),Frank Gore Jr.,39971575,RB/FLEX,4000,BUF@NYJ 09/14/2025 01:00PM ET,BUF,0
RB,Reggie Gilliam (39971577),Reggie Gilliam,39971577,RB/FLEX,4000,BUF@NYJ 09/14/2025 01:00PM ET,BUF,0
QB,Drew Lock (39971336),Drew Lock,39971336,QB,4000,SEA@PIT 09/14/2025 01:00PM ET,SEA,0
QB,Mason Rudolph (39971337),Mason Rudolph,39971337,QB,4000,SEA@PIT 09/14/2025 01:00PM ET,PIT,0
QB,Skylar Thompson (39971354),Skylar Thompson,39971354,QB,4000,SEA@PIT 09/14/2025 01:00PM ET,PIT,0
QB,Will Howard (39971355),Will Howard,39971355,QB,4000,SEA@PIT 09/14/2025 01:00PM ET,PIT,0
QB,Jalen Milroe (39971372),Jalen Milroe,39971372,QB,4000,SEA@PIT 09/14/2025 01:00PM ET,SEA,0.1
RB,Kenny McIntosh (39971499),Kenny McIntosh,39971499,RB/FLEX,4000,SEA@PIT 09/14/2025 01:00PM ET,SEA,0
RB,George Holani (39971553),George Holani,39971553,RB/FLEX,4000,SEA@PIT 09/14/2025 01:00PM ET,SEA,0
RB,Damien Martinez (39971555),Damien Martinez,39971555,RB/FLEX,4000,SEA@PIT 09/14/2025 01:00PM ET,SEA,0
RB,Robbie Ouzts (39971557),Robbie Ouzts,39971557,RB/FLEX,4000,SEA@PIT 09/14/2025 01:00PM ET,SEA,0
RB,Jacardia Wright (39971559),Jacardia Wright,39971559,RB/FLEX,4000,SEA@PIT 09/14/2025 01:00PM ET,SEA,0
RB,Brady Russell (39971561),Brady Russell,39971561,RB/FLEX,4000,SEA@PIT 09/14/2025 01:00PM ET,SEA,0
RB,Lew Nichols (39971563),Lew Nichols,39971563,RB/FLEX,4000,SEA@PIT 09/14/2025 01:00PM ET,PIT,0
RB,Trey Sermon (39971565),Trey Sermon,39971565,RB/FLEX,4000,SEA@PIT 09/14/2025 01:00PM ET,PIT,0
QB,Stetson Bennett IV (39971350),Stetson Bennett IV,39971350,QB,4000,LAR@TEN 09/14/2025 01:00PM ET,LAR,0
QB,Brandon Allen (39971351),Brandon Allen,39971351,QB,4000,LAR@TEN 09/14/2025 01:00PM ET,TEN,0
QB,Will Levis (39971352),Will Levis,39971352,QB,4000,LAR@TEN 09/14/2025 01:00PM ET,TEN,0
QB,Trevor Siemian (39971353),Trevor Siemian,39971353,QB,4000,LAR@TEN 09/14/2025 01:00PM ET,TEN,0
RB,Tyjae Spears (39971497),Tyjae Spears,39971497,RB/FLEX,4000,LAR@TEN 09/14/2025 01:00PM ET,TEN,0
RB,Jarquez Hunter (39971501),Jarquez Hunter,39971501,RB/FLEX,4000,LAR@TEN 09/14/2025 01:00PM ET,LAR,0
RB,Ronnie Rivers (39971545),Ronnie Rivers,39971545,RB/FLEX,4000,LAR@TEN 09/14/2025 01:00PM ET,LAR,0
RB,Julius Chestnut (39971547),Julius Chestnut,39971547,RB/FLEX,4000,LAR@TEN 09/14/2025 01:00PM ET,TEN,0.2
RB,Kalel Mullings (39971549),Kalel Mullings,39971549,RB/FLEX,4000,LAR@TEN 09/14/2025 01:00PM ET,TEN,0
RB,Jordan Mims (39971551),Jordan Mims,39971551,RB/FLEX,4000,LAR@TEN 09/14/2025 01:00PM ET,TEN,0
QB,Jacoby Brissett (39971334),Jacoby Brissett,39971334,QB,4000,CAR@ARI 09/14/2025 04:05PM ET,ARI,0
QB,Hendon Hooker (39971348),Hendon Hooker,39971348,QB,4000,CAR@ARI 09/14/2025 04:05PM ET,CAR,0
QB,Kedon Slovis (39971349),Kedon Slovis,39971349,QB,4000,CAR@ARI 09/14/2025 04:05PM ET,ARI,0
RB,Michael Carter (39971511),Michael Carter,39971511,RB/FLEX,4000,CAR@ARI 09/14/2025 04:05PM ET,ARI,0
RB,Jonathon Brooks (39971537),Jonathon Brooks,39971537,RB/FLEX,4000,CAR@ARI 09/14/2025 04:05PM ET,CAR,0
RB,Emari Demercado (39971539),Emari Demercado,39971539,RB/FLEX,4000,CAR@ARI 09/14/2025 04:05PM ET,ARI,0
RB,Zonovan Knight (39971541),Zonovan Knight,39971541,RB/FLEX,4000,CAR@ARI 09/14/2025 04:05PM ET,ARI,0
RB,DeeJay Dallas (39971647),DeeJay Dallas,39971647,RB/FLEX,4000,CAR@ARI 09/14/2025 04:05PM ET,CAR,0
RB,Trevor Etienne (39971649),Trevor Etienne,39971649,RB/FLEX,4000,CAR@ARI 09/14/2025 04:05PM ET,CAR,0.4
QB,Jarrett Stidham (39971335),Jarrett Stidham,39971335,QB,4000,DEN@IND 09/14/2025 04:05PM ET,DEN,0
QB,Riley Leonard (39971346),Riley Leonard,39971346,QB,4000,DEN@IND 09/14/2025 04:05PM ET,IND,0
QB,Sam Ehlinger (39971347),Sam Ehlinger,39971347,QB,4000,DEN@IND 09/14/2025 04:05PM ET,DEN,0
RB,Khalil Herbert (39971509),Khalil Herbert,39971509,RB/FLEX,4000,DEN@IND 09/14/2025 04:05PM ET,IND,0
RB,Tyler Goodson (39971527),Tyler Goodson,39971527,RB/FLEX,4000,DEN@IND 09/14/2025 04:05PM ET,IND,0
RB,Ulysses Bentley IV (39971529),Ulysses Bentley IV,39971529,RB/FLEX,4000,DEN@IND 09/14/2025 04:05PM ET,IND,0
RB,Salvon Ahmed (39971531),Salvon Ahmed,39971531,RB/FLEX,4000,DEN@IND 09/14/2025 04:05PM ET,IND,0
RB,Adam Prentice (39971533),Adam Prentice,39971533,RB/FLEX,4000,DEN@IND 09/14/2025 04:05PM ET,DEN,1.4
RB,Michael Burton (39971535),Michael Burton,39971535,RB/FLEX,4000,DEN@IND 09/14/2025 04:05PM ET,DEN,0
QB,Tanner McKee (39971341),Tanner McKee,39971341,QB,4000,PHI@KC 09/14/2025 04:25PM ET,PHI,0
QB,Sam Howell (39971342),Sam Howell,39971342,QB,4000,PHI@KC 09/14/2025 04:25PM ET,PHI,0
QB,Kyle McCord (39971343),Kyle McCord,39971343,QB,4000,PHI@KC 09/14/2025 04:25PM ET,PHI,0
QB,Gardner Minshew II (39971344),Gardner Minshew II,39971344,QB,4000,PHI@KC 09/14/2025 04:25PM ET,KC,0
QB,Chris Oladokun (39971345),Chris Oladokun,39971345,QB,4000,PHI@KC 09/14/2025 04:25PM ET,KC,0
RB,Brashard Smith (39971495),Brashard Smith,39971495,RB/FLEX,4000,PHI@KC 09/14/2025 04:25PM ET,KC,0
RB,Audric Estime (39971503),Audric Estime,39971503,RB/FLEX,4000,PHI@KC 09/14/2025 04:25PM ET,PHI,0
RB,Ben VanSumeren (39971517),Ben VanSumeren,39971517,RB/FLEX,4000,PHI@KC 09/14/2025 04:25PM ET,PHI,0
RB,Elijah Mitchell (39971519),Elijah Mitchell,39971519,RB/FLEX,4000,PHI@KC 09/14/2025 04:25PM ET,KC,0
RB,Keaontay Ingram (39971521),Keaontay Ingram,39971521,RB/FLEX,4000,PHI@KC 09/14/2025 04:25PM ET,KC,0
RB,Carson Steele (39971523),Carson Steele,39971523,RB/FLEX,4000,PHI@KC 09/14/2025 04:25PM ET,KC,0
RB,Clyde Edwards-Helaire (39971525),Clyde Edwards-Helaire,39971525,RB/FLEX,4000,PHI@KC 09/14/2025 04:25PM ET,KC,0
WR,JuJu Smith-Schuster (39971755),JuJu Smith-Schuster,39971755,WR/FLEX,4000,PHI@KC 09/14/2025 04:25PM ET,KC,10.5
TE,Jonnu Smith (39972113),Jonnu Smith,39972113,TE/FLEX,3900,SEA@PIT 09/14/2025 01:00PM ET,PIT,12.5
WR,Tyler Lockett (39971757),Tyler Lockett,39971757,WR/FLEX,3900,LAR@TEN 09/14/2025 01:00PM ET,TEN,0
WR,Xavier Legette (39971759),Xavier Legette,39971759,WR/FLEX,3900,CAR@ARI 09/14/2025 04:05PM ET,CAR,4
TE,Jake Ferguson (39972117),Jake Ferguson,39972117,TE/FLEX,3800,NYG@DAL 09/14/2025 01:00PM ET,DAL,7.3
WR,Kyle Williams (39971761),Kyle Williams,39971761,WR/FLEX,3800,NE@MIA 09/14/2025 01:00PM ET,NE,2.2
WR,Marquez Valdes-Scantling (39971763),Marquez Valdes-Scantling,39971763,WR/FLEX,3800,SF@NO 09/14/2025 01:00PM ET,SF,0
TE,Dallas Goedert (39972115),Dallas Goedert,39972115,TE/FLEX,3800,PHI@KC 09/14/2025 04:25PM ET,PHI,11.4
DST,Ravens  (39972347),Ravens ,39972347,DST,3700,CLE@BAL 09/14/2025 01:00PM ET,BAL,-3
TE,Colston Loveland (39972119),Colston Loveland,39972119,TE/FLEX,3700,CHI@DET 09/14/2025 01:00PM ET,CHI,3.2
TE,Dalton Kincaid (39972121),Dalton Kincaid,39972121,TE/FLEX,3700,BUF@NYJ 09/14/2025 01:00PM ET,BUF,14.8
WR,Michael Wilson (39971765),Michael Wilson,39971765,WR/FLEX,3700,CAR@ARI 09/14/2025 04:05PM ET,ARI,1.5
WR,Troy Franklin (39971767),Troy Franklin,39971767,WR/FLEX,3700,DEN@IND 09/14/2025 04:05PM ET,DEN,8.4
TE,Brenton Strange (39972125),Brenton Strange,39972125,TE/FLEX,3600,JAX@CIN 09/14/2025 01:00PM ET,JAX,9.9
WR,KaVontae Turpin (39971771),KaVontae Turpin,39971771,WR/FLEX,3600,NYG@DAL 09/14/2025 01:00PM ET,DAL,4.7
WR,Olamide Zaccheaus (39971773),Olamide Zaccheaus,39971773,WR/FLEX,3600,CHI@DET 09/14/2025 01:00PM ET,CHI,8.2
TE,Juwan Johnson (39972123),Juwan Johnson,39972123,TE/FLEX,3600,SF@NO 09/14/2025 01:00PM ET,NO,15.6
DST,49ers  (39972348),49ers ,39972348,DST,3600,SF@NO 09/14/2025 01:00PM ET,SF,9
WR,Jahan Dotson (39971769),Jahan Dotson,39971769,WR/FLEX,3600,PHI@KC 09/14/2025 04:25PM ET,PHI,8.9
WR,Tyquan Thornton (39971775),Tyquan Thornton,39971775,WR/FLEX,3600,PHI@KC 09/14/2025 04:25PM ET,KC,6.1
WR,Andrei Iosivas (39971779),Andrei Iosivas,39971779,WR/FLEX,3500,JAX@CIN 09/14/2025 01:00PM ET,CIN,0
TE,Darren Waller (39972127),Darren Waller,39972127,TE/FLEX,3500,NE@MIA 09/14/2025 01:00PM ET,MIA,0
TE,Luke Farrell (39972129),Luke Farrell,39972129,TE/FLEX,3500,SF@NO 09/14/2025 01:00PM ET,SF,1.4
WR,Kendrick Bourne (39992398),Kendrick Bourne,39992398,WR/FLEX,3500,SF@NO 09/14/2025 01:00PM ET,SF,0
WR,Josh Reynolds (39971777),Josh Reynolds,39971777,WR/FLEX,3500,BUF@NYJ 09/14/2025 01:00PM ET,NYJ,3.8
WR,Tutu Atwell (39971783),Tutu Atwell,39971783,WR/FLEX,3500,LAR@TEN 09/14/2025 01:00PM ET,LAR,1.4
DST,Broncos  (39972349),Broncos ,39972349,DST,3500,DEN@IND 09/14/2025 04:05PM ET,DEN,14
WR,Jalen Royals (39971781),Jalen Royals,39971781,WR/FLEX,3500,PHI@KC 09/14/2025 04:25PM ET,KC,0
TE,Mike Gesicki (39972133),Mike Gesicki,39972133,TE/FLEX,3400,JAX@CIN 09/14/2025 01:00PM ET,CIN,2.4
WR,Darius Slayton (39971787),Darius Slayton,39971787,WR/FLEX,3400,NYG@DAL 09/14/2025 01:00PM ET,NYG,0
WR,Allen Lazard (39971785),Allen Lazard,39971785,WR/FLEX,3400,BUF@NYJ 09/14/2025 01:00PM ET,NYJ,0
WR,Elijah Moore (39971791),Elijah Moore,39971791,WR/FLEX,3400,BUF@NYJ 09/14/2025 01:00PM ET,BUF,2.1
TE,Pat Freiermuth (39972131),Pat Freiermuth,39972131,TE/FLEX,3400,SEA@PIT 09/14/2025 01:00PM ET,PIT,5.8
WR,Hunter Renfrow (39971789),Hunter Renfrow,39971789,WR/FLEX,3400,CAR@ARI 09/14/2025 04:05PM ET,CAR,3.1
DST,Cardinals  (39972350),Cardinals ,39972350,DST,3400,CAR@ARI 09/14/2025 04:05PM ET,ARI,5
WR,Isaiah Bond (39971803),Isaiah Bond,39971803,WR/FLEX,3300,CLE@BAL 09/14/2025 01:00PM ET,CLE,1.5
WR,Parker Washington (39971795),Parker Washington,39971795,WR/FLEX,3300,JAX@CIN 09/14/2025 01:00PM ET,JAX,0
TE,Noah Fant (39972135),Noah Fant,39972135,TE/FLEX,3300,JAX@CIN 09/14/2025 01:00PM ET,CIN,12.6
WR,Jalen Tolbert (39971801),Jalen Tolbert,39971801,WR/FLEX,3300,NYG@DAL 09/14/2025 01:00PM ET,DAL,1
WR,Isaac TeSlaa (39971793),Isaac TeSlaa,39971793,WR/FLEX,3300,CHI@DET 09/14/2025 01:00PM ET,DET,8.3
WR,Malik Washington (39971799),Malik Washington,39971799,WR/FLEX,3300,NE@MIA 09/14/2025 01:00PM ET,MIA,4.9
WR,Jacob Cowing (39971809),Jacob Cowing,39971809,WR/FLEX,3300,SF@NO 09/14/2025 01:00PM ET,SF,0
DST,Bills  (39972351),Bills ,39972351,DST,3300,BUF@NYJ 09/14/2025 01:00PM ET,BUF,0
WR,Ben Skowronek (39971807),Ben Skowronek,39971807,WR/FLEX,3300,SEA@PIT 09/14/2025 01:00PM ET,PIT,9.2
TE,Chig Okonkwo (39972137),Chig Okonkwo,39972137,TE/FLEX,3300,LAR@TEN 09/14/2025 01:00PM ET,TEN,4.9
WR,Greg Dortch (39971805),Greg Dortch,39971805,WR/FLEX,3300,CAR@ARI 09/14/2025 04:05PM ET,ARI,0.8
WR,John Metchie III (39971797),John Metchie III,39971797,WR/FLEX,3300,PHI@KC 09/14/2025 04:25PM ET,PHI,0
TE,Isaiah Likely (39972139),Isaiah Likely,39972139,TE/FLEX,3200,CLE@BAL 09/14/2025 01:00PM ET,BAL,0
WR,Tim Patrick (39971817),Tim Patrick,39971817,WR/FLEX,3200,JAX@CIN 09/14/2025 01:00PM ET,JAX,0
WR,Kalif Raymond (39971815),Kalif Raymond,39971815,WR/FLEX,3200,CHI@DET 09/14/2025 01:00PM ET,DET,3.6
TE,Cole Kmet (39972141),Cole Kmet,39972141,TE/FLEX,3200,CHI@DET 09/14/2025 01:00PM ET,CHI,4.1
DST,Lions  (39972352),Lions ,39972352,DST,3200,CHI@DET 09/14/2025 01:00PM ET,DET,0
WR,Nick Westbrook-Ikhine (39971819),Nick Westbrook-Ikhine,39971819,WR/FLEX,3200,NE@MIA 09/14/2025 01:00PM ET,MIA,1.7
WR,Devaughn Vele (39971811),Devaughn Vele,39971811,WR/FLEX,3200,SF@NO 09/14/2025 01:00PM ET,NO,2.3
TE,Jake Tonges (39972143),Jake Tonges,39972143,TE/FLEX,3200,SF@NO 09/14/2025 01:00PM ET,SF,10.5
WR,Curtis Samuel (39971825),Curtis Samuel,39971825,WR/FLEX,3200,BUF@NYJ 09/14/2025 01:00PM ET,BUF,0
WR,Tyler Johnson (39971827),Tyler Johnson,39971827,WR/FLEX,3200,BUF@NYJ 09/14/2025 01:00PM ET,NYJ,5.1
WR,Elic Ayomanor (39971813),Elic Ayomanor,39971813,WR/FLEX,3200,LAR@TEN 09/14/2025 01:00PM ET,TEN,3.3
WR,Zay Jones (39971823),Zay Jones,39971823,WR/FLEX,3200,CAR@ARI 09/14/2025 04:05PM ET,ARI,1.4
WR,Pat Bryant (39971821),Pat Bryant,39971821,WR/FLEX,3200,DEN@IND 09/14/2025 04:05PM ET,DEN,0
WR,Jamari Thrash (39971833),Jamari Thrash,39971833,WR/FLEX,3100,CLE@BAL 09/14/2025 01:00PM ET,CLE,1.6
TE,Harold Fannin Jr. (39972149),Harold Fannin Jr.,39972149,TE/FLEX,3100,CLE@BAL 09/14/2025 01:00PM ET,CLE,13.6
WR,Russell Gage Jr. (39971837),Russell Gage Jr.,39971837,WR/FLEX,3100,SF@NO 09/14/2025 01:00PM ET,SF,0
WR,Tory Horton (39971835),Tory Horton,39971835,WR/FLEX,3100,SEA@PIT 09/14/2025 01:00PM ET,SEA,0
DST,Steelers  (39972354),Steelers ,39972354,DST,3100,SEA@PIT 09/14/2025 01:00PM ET,PIT,2
WR,Van Jefferson (39971829),Van Jefferson,39971829,WR/FLEX,3100,LAR@TEN 09/14/2025 01:00PM ET,TEN,0
TE,Tyler Higbee (39972145),Tyler Higbee,39972145,TE/FLEX,3100,LAR@TEN 09/14/2025 01:00PM ET,LAR,0
DST,Rams  (39972353),Rams ,39972353,DST,3100,LAR@TEN 09/14/2025 01:00PM ET,LAR,11
TE,Ja'Tavion Sanders (39972147),Ja'Tavion Sanders,39972147,TE/FLEX,3100,CAR@ARI 09/14/2025 04:05PM ET,CAR,4.7
WR,Adonai Mitchell (39971831),Adonai Mitchell,39971831,WR/FLEX,3100,DEN@IND 09/14/2025 04:05PM ET,IND,4.1
WR,Tylan Wallace (39972071),Tylan Wallace,39972071,WR/FLEX,3000,CLE@BAL 09/14/2025 01:00PM ET,BAL,0
WR,Devontez Walker (39972073),Devontez Walker,39972073,WR/FLEX,3000,CLE@BAL 09/14/2025 01:00PM ET,BAL,0
WR,LaJohntay Wester (39972075),LaJohntay Wester,39972075,WR/FLEX,3000,CLE@BAL 09/14/2025 01:00PM ET,BAL,0
WR,Dayton Wade (39972077),Dayton Wade,39972077,WR/FLEX,3000,CLE@BAL 09/14/2025 01:00PM ET,BAL,0
WR,Anthony Miller (39972079),Anthony Miller,39972079,WR/FLEX,3000,CLE@BAL 09/14/2025 01:00PM ET,BAL,0
WR,Keith Kirkwood (39972081),Keith Kirkwood,39972081,WR/FLEX,3000,CLE@BAL 09/14/2025 01:00PM ET,BAL,0
WR,DeAndre Carter (39972083),DeAndre Carter,39972083,WR/FLEX,3000,CLE@BAL 09/14/2025 01:00PM ET,CLE,0
WR,Gage Larvadain (39972085),Gage Larvadain,39972085,WR/FLEX,3000,CLE@BAL 09/14/2025 01:00PM ET,CLE,0
WR,David Bell (39972087),David Bell,39972087,WR/FLEX,3000,CLE@BAL 09/14/2025 01:00PM ET,CLE,0
WR,Cade McDonald (39972089),Cade McDonald,39972089,WR/FLEX,3000,CLE@BAL 09/14/2025 01:00PM ET,CLE,0
WR,Malachi Corley (39972091),Malachi Corley,39972091,WR/FLEX,3000,CLE@BAL 09/14/2025 01:00PM ET,CLE,0
WR,Kaden Davis (39972093),Kaden Davis,39972093,WR/FLEX,3000,CLE@BAL 09/14/2025 01:00PM ET,CLE,0
WR,Jermaine Burton (39971861),Jermaine Burton,39971861,WR/FLEX,3000,JAX@CIN 09/14/2025 01:00PM ET,CIN,0
WR,Joshua Cephus (39972055),Joshua Cephus,39972055,WR/FLEX,3000,JAX@CIN 09/14/2025 01:00PM ET,JAX,0
WR,Erik Ezukanma (39972057),Erik Ezukanma,39972057,WR/FLEX,3000,JAX@CIN 09/14/2025 01:00PM ET,JAX,0
WR,Chandler Brayboy (39972059),Chandler Brayboy,39972059,WR/FLEX,3000,JAX@CIN 09/14/2025 01:00PM ET,JAX,0
WR,Austin Trammell (39972061),Austin Trammell,39972061,WR/FLEX,3000,JAX@CIN 09/14/2025 01:00PM ET,JAX,0
WR,Charlie Jones (39972063),Charlie Jones,39972063,WR/FLEX,3000,JAX@CIN 09/14/2025 01:00PM ET,CIN,0
WR,Mitchell Tinsley (39972065),Mitchell Tinsley,39972065,WR/FLEX,3000,JAX@CIN 09/14/2025 01:00PM ET,CIN,0
WR,Isaiah Williams (39972067),Isaiah Williams,39972067,WR/FLEX,3000,JAX@CIN 09/14/2025 01:00PM ET,CIN,0
WR,Jordan Moore (39972069),Jordan Moore,39972069,WR/FLEX,3000,JAX@CIN 09/14/2025 01:00PM ET,CIN,0
WR,Jonathan Mingo (39971851),Jonathan Mingo,39971851,WR/FLEX,3000,NYG@DAL 09/14/2025 01:00PM ET,DAL,0
WR,Jalin Hyatt (39972033),Jalin Hyatt,39972033,WR/FLEX,3000,NYG@DAL 09/14/2025 01:00PM ET,NYG,0
WR,Beaux Collins (39972035),Beaux Collins,39972035,WR/FLEX,3000,NYG@DAL 09/14/2025 01:00PM ET,NYG,0
WR,Gunner Olszewski (39972037),Gunner Olszewski,39972037,WR/FLEX,3000,NYG@DAL 09/14/2025 01:00PM ET,NYG,0
WR,Bryce Ford-Wheaton (39972039),Bryce Ford-Wheaton,39972039,WR/FLEX,3000,NYG@DAL 09/14/2025 01:00PM ET,NYG,0
WR,Da'Quan Felton (39972041),Da'Quan Felton,39972041,WR/FLEX,3000,NYG@DAL 09/14/2025 01:00PM ET,NYG,0
WR,Lil'Jordan Humphrey (39972043),Lil'Jordan Humphrey,39972043,WR/FLEX,3000,NYG@DAL 09/14/2025 01:00PM ET,NYG,0
WR,Ihmir Smith-Marsette (39972045),Ihmir Smith-Marsette,39972045,WR/FLEX,3000,NYG@DAL 09/14/2025 01:00PM ET,NYG,0
WR,Jalen Brooks (39972047),Jalen Brooks,39972047,WR/FLEX,3000,NYG@DAL 09/14/2025 01:00PM ET,DAL,0
WR,Traeshon Holden (39972049),Traeshon Holden,39972049,WR/FLEX,3000,NYG@DAL 09/14/2025 01:00PM ET,DAL,0
WR,Ryan Flournoy (39972051),Ryan Flournoy,39972051,WR/FLEX,3000,NYG@DAL 09/14/2025 01:00PM ET,DAL,0
WR,Jalen Cropper (39972053),Jalen Cropper,39972053,WR/FLEX,3000,NYG@DAL 09/14/2025 01:00PM ET,DAL,0
DST,Cowboys  (39972356),Cowboys ,39972356,DST,3000,NYG@DAL 09/14/2025 01:00PM ET,DAL,1
WR,Dominic Lovett (39972015),Dominic Lovett,39972015,WR/FLEX,3000,CHI@DET 09/14/2025 01:00PM ET,DET,0
WR,Jackson Meeks (39972017),Jackson Meeks,39972017,WR/FLEX,3000,CHI@DET 09/14/2025 01:00PM ET,DET,0
WR,Ronnie Bell (39972019),Ronnie Bell,39972019,WR/FLEX,3000,CHI@DET 09/14/2025 01:00PM ET,DET,0
WR,Tom Kennedy (39972021),Tom Kennedy,39972021,WR/FLEX,3000,CHI@DET 09/14/2025 01:00PM ET,DET,0
WR,Devin Duvernay (39972023),Devin Duvernay,39972023,WR/FLEX,3000,CHI@DET 09/14/2025 01:00PM ET,CHI,0
WR,Jahdae Walker (39972025),Jahdae Walker,39972025,WR/FLEX,3000,CHI@DET 09/14/2025 01:00PM ET,CHI,0
WR,JP Richardson (39972027),JP Richardson,39972027,WR/FLEX,3000,CHI@DET 09/14/2025 01:00PM ET,CHI,0
WR,Maurice Alexander (39972029),Maurice Alexander,39972029,WR/FLEX,3000,CHI@DET 09/14/2025 01:00PM ET,CHI,0
WR,Miles Boykin (39972031),Miles Boykin,39972031,WR/FLEX,3000,CHI@DET 09/14/2025 01:00PM ET,CHI,0
WR,Mack Hollins (39971847),Mack Hollins,39971847,WR/FLEX,3000,NE@MIA 09/14/2025 01:00PM ET,NE,1.3
WR,Efton Chism III (39971999),Efton Chism III,39971999,WR/FLEX,3000,NE@MIA 09/14/2025 01:00PM ET,NE,0
WR,Ja'Lynn Polk (39972001),Ja'Lynn Polk,39972001,WR/FLEX,3000,NE@MIA 09/14/2025 01:00PM ET,NE,0
WR,John Jiles (39972003),John Jiles,39972003,WR/FLEX,3000,NE@MIA 09/14/2025 01:00PM ET,NE,0
WR,Jeremiah Webb (39972005),Jeremiah Webb,39972005,WR/FLEX,3000,NE@MIA 09/14/2025 01:00PM ET,NE,0
WR,Dee Eskridge (39972007),Dee Eskridge,39972007,WR/FLEX,3000,NE@MIA 09/14/2025 01:00PM ET,MIA,1.9
WR,Tahj Washington (39972009),Tahj Washington,39972009,WR/FLEX,3000,NE@MIA 09/14/2025 01:00PM ET,MIA,0
WR,A.J. Henning (39972011),A.J. Henning,39972011,WR/FLEX,3000,NE@MIA 09/14/2025 01:00PM ET,MIA,0
WR,Theo Wease Jr. (39972013),Theo Wease Jr.,39972013,WR/FLEX,3000,NE@MIA 09/14/2025 01:00PM ET,MIA,0
TE,Austin Hooper (39972153),Austin Hooper,39972153,TE/FLEX,3000,NE@MIA 09/14/2025 01:00PM ET,NE,2
WR,Brandon Aiyuk (39971855),Brandon Aiyuk,39971855,WR/FLEX,3000,SF@NO 09/14/2025 01:00PM ET,SF,0
WR,Demarcus Robinson (39971857),Demarcus Robinson,39971857,WR/FLEX,3000,SF@NO 09/14/2025 01:00PM ET,SF,0
WR,Jordan Watkins (39971859),Jordan Watkins,39971859,WR/FLEX,3000,SF@NO 09/14/2025 01:00PM ET,SF,0
WR,Skyy Moore (39971863),Skyy Moore,39971863,WR/FLEX,3000,SF@NO 09/14/2025 01:00PM ET,SF,0
WR,Malik Turner (39971979),Malik Turner,39971979,WR/FLEX,3000,SF@NO 09/14/2025 01:00PM ET,SF,0
WR,Trent Taylor (39971981),Trent Taylor,39971981,WR/FLEX,3000,SF@NO 09/14/2025 01:00PM ET,SF,0
WR,Junior Bergen (39971983),Junior Bergen,39971983,WR/FLEX,3000,SF@NO 09/14/2025 01:00PM ET,SF,0
WR,Robbie Chosen (39971985),Robbie Chosen,39971985,WR/FLEX,3000,SF@NO 09/14/2025 01:00PM ET,SF,0
WR,Mason Tipton (39971987),Mason Tipton,39971987,WR/FLEX,3000,SF@NO 09/14/2025 01:00PM ET,NO,0
WR,Trey Palmer (39971989),Trey Palmer,39971989,WR/FLEX,3000,SF@NO 09/14/2025 01:00PM ET,NO,0
WR,Bub Means (39971991),Bub Means,39971991,WR/FLEX,3000,SF@NO 09/14/2025 01:00PM ET,NO,0
WR,Kevin Austin Jr. (39971993),Kevin Austin Jr.,39971993,WR/FLEX,3000,SF@NO 09/14/2025 01:00PM ET,NO,0
WR,Tommy Mellott (39971995),Tommy Mellott,39971995,WR/FLEX,3000,SF@NO 09/14/2025 01:00PM ET,NO,0
WR,Cedrick Wilson Jr. (39971997),Cedrick Wilson Jr.,39971997,WR/FLEX,3000,SF@NO 09/14/2025 01:00PM ET,NO,0
WR,Xavier Gipson (39971961),Xavier Gipson,39971961,WR/FLEX,3000,BUF@NYJ 09/14/2025 01:00PM ET,NYJ,-1
WR,Arian Smith (39971963),Arian Smith,39971963,WR/FLEX,3000,BUF@NYJ 09/14/2025 01:00PM ET,NYJ,0
WR,Irvin Charles (39971965),Irvin Charles,39971965,WR/FLEX,3000,BUF@NYJ 09/14/2025 01:00PM ET,NYJ,0
WR,Quentin Skinner (39971967),Quentin Skinner,39971967,WR/FLEX,3000,BUF@NYJ 09/14/2025 01:00PM ET,NYJ,0
WR,Jamaal Pritchett (39971969),Jamaal Pritchett,39971969,WR/FLEX,3000,BUF@NYJ 09/14/2025 01:00PM ET,NYJ,0
WR,Brandon Smith (39971971),Brandon Smith,39971971,WR/FLEX,3000,BUF@NYJ 09/14/2025 01:00PM ET,NYJ,0
WR,Tyrell Shavers (39971973),Tyrell Shavers,39971973,WR/FLEX,3000,BUF@NYJ 09/14/2025 01:00PM ET,BUF,0
WR,Stephen Gosnell (39971975),Stephen Gosnell,39971975,WR/FLEX,3000,BUF@NYJ 09/14/2025 01:00PM ET,BUF,0
WR,Kristian Wilkerson (39971977),Kristian Wilkerson,39971977,WR/FLEX,3000,BUF@NYJ 09/14/2025 01:00PM ET,BUF,0
WR,Max Hurleman (39971839),Max Hurleman,39971839,WR/FLEX,3000,SEA@PIT 09/14/2025 01:00PM ET,PIT,0
WR,Jake Bobo (39971941),Jake Bobo,39971941,WR/FLEX,3000,SEA@PIT 09/14/2025 01:00PM ET,SEA,0
WR,Dareke Young (39971943),Dareke Young,39971943,WR/FLEX,3000,SEA@PIT 09/14/2025 01:00PM ET,SEA,0
WR,Cody White (39971945),Cody White,39971945,WR/FLEX,3000,SEA@PIT 09/14/2025 01:00PM ET,SEA,0
WR,Courtney Jackson (39971947),Courtney Jackson,39971947,WR/FLEX,3000,SEA@PIT 09/14/2025 01:00PM ET,SEA,0
WR,Tyrone Broden (39971949),Tyrone Broden,39971949,WR/FLEX,3000,SEA@PIT 09/14/2025 01:00PM ET,SEA,0
WR,Ricky White III (39971951),Ricky White III,39971951,WR/FLEX,3000,SEA@PIT 09/14/2025 01:00PM ET,SEA,0
WR,Roman Wilson (39971953),Roman Wilson,39971953,WR/FLEX,3000,SEA@PIT 09/14/2025 01:00PM ET,PIT,0
WR,Scotty Miller (39971955),Scotty Miller,39971955,WR/FLEX,3000,SEA@PIT 09/14/2025 01:00PM ET,PIT,0
WR,Ke'Shawn Williams (39971957),Ke'Shawn Williams,39971957,WR/FLEX,3000,SEA@PIT 09/14/2025 01:00PM ET,PIT,0
WR,Lance McCutcheon (39971959),Lance McCutcheon,39971959,WR/FLEX,3000,SEA@PIT 09/14/2025 01:00PM ET,PIT,0
WR,Xavier Restrepo (39971841),Xavier Restrepo,39971841,WR/FLEX,3000,LAR@TEN 09/14/2025 01:00PM ET,TEN,0
WR,Treylon Burks (39971843),Treylon Burks,39971843,WR/FLEX,3000,LAR@TEN 09/14/2025 01:00PM ET,TEN,0
WR,Jordan Whittington (39971923),Jordan Whittington,39971923,WR/FLEX,3000,LAR@TEN 09/14/2025 01:00PM ET,LAR,0.5
WR,Konata Mumpfield (39971925),Konata Mumpfield,39971925,WR/FLEX,3000,LAR@TEN 09/14/2025 01:00PM ET,LAR,0
WR,Xavier Smith (39971927),Xavier Smith,39971927,WR/FLEX,3000,LAR@TEN 09/14/2025 01:00PM ET,LAR,4.6
WR,Brennan Presley (39971929),Brennan Presley,39971929,WR/FLEX,3000,LAR@TEN 09/14/2025 01:00PM ET,LAR,0
WR,Tru Edwards (39971931),Tru Edwards,39971931,WR/FLEX,3000,LAR@TEN 09/14/2025 01:00PM ET,LAR,0
WR,Chimere Dike (39971933),Chimere Dike,39971933,WR/FLEX,3000,LAR@TEN 09/14/2025 01:00PM ET,TEN,0.9
WR,Bryce Oliver (39971935),Bryce Oliver,39971935,WR/FLEX,3000,LAR@TEN 09/14/2025 01:00PM ET,TEN,1.8
WR,Mason Kinsey (39971937),Mason Kinsey,39971937,WR/FLEX,3000,LAR@TEN 09/14/2025 01:00PM ET,TEN,0
WR,James Proche II (39971939),James Proche II,39971939,WR/FLEX,3000,LAR@TEN 09/14/2025 01:00PM ET,TEN,0
WR,Jalen Coker (39971845),Jalen Coker,39971845,WR/FLEX,3000,CAR@ARI 09/14/2025 04:05PM ET,CAR,0
WR,David Moore (39971901),David Moore,39971901,WR/FLEX,3000,CAR@ARI 09/14/2025 04:05PM ET,CAR,0
WR,Brycen Tremayne (39971903),Brycen Tremayne,39971903,WR/FLEX,3000,CAR@ARI 09/14/2025 04:05PM ET,CAR,0
WR,Jimmy Horn Jr. (39971905),Jimmy Horn Jr.,39971905,WR/FLEX,3000,CAR@ARI 09/14/2025 04:05PM ET,CAR,0
WR,Dalevon Campbell (39971907),Dalevon Campbell,39971907,WR/FLEX,3000,CAR@ARI 09/14/2025 04:05PM ET,CAR,0
WR,Ainias Smith (39971909),Ainias Smith,39971909,WR/FLEX,3000,CAR@ARI 09/14/2025 04:05PM ET,CAR,0
WR,Ja'seem Reed (39971911),Ja'seem Reed,39971911,WR/FLEX,3000,CAR@ARI 09/14/2025 04:05PM ET,CAR,0
WR,Xavier Weaver (39971913),Xavier Weaver,39971913,WR/FLEX,3000,CAR@ARI 09/14/2025 04:05PM ET,ARI,0
WR,Trishton Jackson (39971915),Trishton Jackson,39971915,WR/FLEX,3000,CAR@ARI 09/14/2025 04:05PM ET,ARI,0
WR,Andre Baccellia (39971917),Andre Baccellia,39971917,WR/FLEX,3000,CAR@ARI 09/14/2025 04:05PM ET,ARI,0
WR,Simi Fehoko (39971919),Simi Fehoko,39971919,WR/FLEX,3000,CAR@ARI 09/14/2025 04:05PM ET,ARI,0
WR,Tejhaun Palmer (39971921),Tejhaun Palmer,39971921,WR/FLEX,3000,CAR@ARI 09/14/2025 04:05PM ET,ARI,0
WR,Ashton Dulin (39971881),Ashton Dulin,39971881,WR/FLEX,3000,DEN@IND 09/14/2025 04:05PM ET,IND,1.5
WR,Anthony Gould (39971883),Anthony Gould,39971883,WR/FLEX,3000,DEN@IND 09/14/2025 04:05PM ET,IND,0
WR,D.J. Montgomery (39971885),D.J. Montgomery,39971885,WR/FLEX,3000,DEN@IND 09/14/2025 04:05PM ET,IND,0
WR,Coleman Owen (39971887),Coleman Owen,39971887,WR/FLEX,3000,DEN@IND 09/14/2025 04:05PM ET,IND,0
WR,Laquon Treadwell (39971889),Laquon Treadwell,39971889,WR/FLEX,3000,DEN@IND 09/14/2025 04:05PM ET,IND,0
WR,Tyler Scott (39971891),Tyler Scott,39971891,WR/FLEX,3000,DEN@IND 09/14/2025 04:05PM ET,IND,0
WR,Trent Sherfield Sr. (39971893),Trent Sherfield Sr.,39971893,WR/FLEX,3000,DEN@IND 09/14/2025 04:05PM ET,DEN,1.3
WR,Michael Bandy (39971895),Michael Bandy,39971895,WR/FLEX,3000,DEN@IND 09/14/2025 04:05PM ET,DEN,0
WR,A.T. Perry (39971897),A.T. Perry,39971897,WR/FLEX,3000,DEN@IND 09/14/2025 04:05PM ET,DEN,0
WR,Thayer Thomas (39971899),Thayer Thomas,39971899,WR/FLEX,3000,DEN@IND 09/14/2025 04:05PM ET,DEN,0
TE,Adam Trautman (39972155),Adam Trautman,39972155,TE/FLEX,3000,DEN@IND 09/14/2025 04:05PM ET,DEN,1.5
WR,Terrace Marshall (39971849),Terrace Marshall,39971849,WR/FLEX,3000,PHI@KC 09/14/2025 04:25PM ET,PHI,0
WR,Rashee Rice (39971853),Rashee Rice,39971853,WR/FLEX,3000,PHI@KC 09/14/2025 04:25PM ET,KC,0
WR,Darius Cooper (39971865),Darius Cooper,39971865,WR/FLEX,3000,PHI@KC 09/14/2025 04:25PM ET,PHI,0
WR,Johnny Wilson (39971867),Johnny Wilson,39971867,WR/FLEX,3000,PHI@KC 09/14/2025 04:25PM ET,PHI,0
WR,Britain Covey (39971869),Britain Covey,39971869,WR/FLEX,3000,PHI@KC 09/14/2025 04:25PM ET,PHI,0
WR,Elijah Cooks (39971871),Elijah Cooks,39971871,WR/FLEX,3000,PHI@KC 09/14/2025 04:25PM ET,PHI,0
WR,Javon Baker (39971873),Javon Baker,39971873,WR/FLEX,3000,PHI@KC 09/14/2025 04:25PM ET,PHI,0
WR,Jason Brownlee (39971875),Jason Brownlee,39971875,WR/FLEX,3000,PHI@KC 09/14/2025 04:25PM ET,KC,0
WR,Nikko Remigio (39971877),Nikko Remigio,39971877,WR/FLEX,3000,PHI@KC 09/14/2025 04:25PM ET,KC,0
WR,Jimmy Holiday (39971879),Jimmy Holiday,39971879,WR/FLEX,3000,PHI@KC 09/14/2025 04:25PM ET,KC,0
TE,Noah Gray (39972151),Noah Gray,39972151,TE/FLEX,3000,PHI@KC 09/14/2025 04:25PM ET,KC,1.3
DST,Eagles  (39972355),Eagles ,39972355,DST,3000,PHI@KC 09/14/2025 04:25PM ET,PHI,3
DST,Bengals  (39972357),Bengals ,39972357,DST,2900,JAX@CIN 09/14/2025 01:00PM ET,CIN,7
TE,Theo Johnson (39972157),Theo Johnson,39972157,TE/FLEX,2900,NYG@DAL 09/14/2025 01:00PM ET,NYG,1.5
DST,Dolphins  (39972358),Dolphins ,39972358,DST,2900,NE@MIA 09/14/2025 01:00PM ET,MIA,0
TE,Mason Taylor (39972159),Mason Taylor,39972159,TE/FLEX,2900,BUF@NYJ 09/14/2025 01:00PM ET,NYJ,3
DST,Patriots  (39972359),Patriots ,39972359,DST,2800,NE@MIA 09/14/2025 01:00PM ET,NE,7
TE,AJ Barner (39972163),AJ Barner,39972163,TE/FLEX,2800,SEA@PIT 09/14/2025 01:00PM ET,SEA,1.2
TE,Gunnar Helm (39972161),Gunnar Helm,39972161,TE/FLEX,2800,LAR@TEN 09/14/2025 01:00PM ET,TEN,2.6
DST,Chiefs  (39972360),Chiefs ,39972360,DST,2800,PHI@KC 09/14/2025 04:25PM ET,KC,3
DST,Jaguars  (39972362),Jaguars ,39972362,DST,2700,JAX@CIN 09/14/2025 01:00PM ET,JAX,11
TE,Dawson Knox (39972167),Dawson Knox,39972167,TE/FLEX,2700,BUF@NYJ 09/14/2025 01:00PM ET,BUF,4
DST,Seahawks  (39972361),Seahawks ,39972361,DST,2700,SEA@PIT 09/14/2025 01:00PM ET,SEA,8
TE,Terrance Ferguson (39972165),Terrance Ferguson,39972165,TE/FLEX,2700,LAR@TEN 09/14/2025 01:00PM ET,LAR,0
TE,Hunter Long (39972169),Hunter Long,39972169,TE/FLEX,2600,JAX@CIN 09/14/2025 01:00PM ET,JAX,7.6
DST,Giants  (39972364),Giants ,39972364,DST,2600,NYG@DAL 09/14/2025 01:00PM ET,NYG,3
TE,Elijah Arroyo (39972171),Elijah Arroyo,39972171,TE/FLEX,2600,SEA@PIT 09/14/2025 01:00PM ET,SEA,1.7
TE,Davis Allen (39972173),Davis Allen,39972173,TE/FLEX,2600,LAR@TEN 09/14/2025 01:00PM ET,LAR,8.3
DST,Colts  (39972363),Colts ,39972363,DST,2600,DEN@IND 09/14/2025 04:05PM ET,IND,13
TE,Charlie Kolar (39972337),Charlie Kolar,39972337,TE/FLEX,2500,CLE@BAL 09/14/2025 01:00PM ET,BAL,0
TE,Zaire Mitchell-Paden (39972339),Zaire Mitchell-Paden,39972339,TE/FLEX,2500,CLE@BAL 09/14/2025 01:00PM ET,BAL,0
TE,Blake Whiteheart (39972341),Blake Whiteheart,39972341,TE/FLEX,2500,CLE@BAL 09/14/2025 01:00PM ET,CLE,0
TE,Brenden Bates (39972343),Brenden Bates,39972343,TE/FLEX,2500,CLE@BAL 09/14/2025 01:00PM ET,CLE,0
TE,Sal Cannella (39972345),Sal Cannella,39972345,TE/FLEX,2500,CLE@BAL 09/14/2025 01:00PM ET,CLE,0
TE,Johnny Mundt (39972321),Johnny Mundt,39972321,TE/FLEX,2500,JAX@CIN 09/14/2025 01:00PM ET,JAX,0
TE,Patrick Herbert (39972323),Patrick Herbert,39972323,TE/FLEX,2500,JAX@CIN 09/14/2025 01:00PM ET,JAX,0
TE,Quintin Morris (39972325),Quintin Morris,39972325,TE/FLEX,2500,JAX@CIN 09/14/2025 01:00PM ET,JAX,0
TE,Drew Sample (39972327),Drew Sample,39972327,TE/FLEX,2500,JAX@CIN 09/14/2025 01:00PM ET,CIN,0
TE,Tanner Hudson (39972329),Tanner Hudson,39972329,TE/FLEX,2500,JAX@CIN 09/14/2025 01:00PM ET,CIN,0
TE,Cam Grandy (39972331),Cam Grandy,39972331,TE/FLEX,2500,JAX@CIN 09/14/2025 01:00PM ET,CIN,0
TE,Erick All Jr. (39972333),Erick All Jr.,39972333,TE/FLEX,2500,JAX@CIN 09/14/2025 01:00PM ET,CIN,0
TE,William Wagner (39972335),William Wagner,39972335,TE/FLEX,2500,JAX@CIN 09/14/2025 01:00PM ET,CIN,0
TE,Luke Schoonmaker (39972183),Luke Schoonmaker,39972183,TE/FLEX,2500,NYG@DAL 09/14/2025 01:00PM ET,DAL,0
TE,Daniel Bellinger (39972305),Daniel Bellinger,39972305,TE/FLEX,2500,NYG@DAL 09/14/2025 01:00PM ET,NYG,2.4
TE,Chris Manhertz (39972307),Chris Manhertz,39972307,TE/FLEX,2500,NYG@DAL 09/14/2025 01:00PM ET,NYG,0
TE,Thomas Fidone II (39972309),Thomas Fidone II,39972309,TE/FLEX,2500,NYG@DAL 09/14/2025 01:00PM ET,NYG,0
TE,Qadir Ismail (39972311),Qadir Ismail,39972311,TE/FLEX,2500,NYG@DAL 09/14/2025 01:00PM ET,NYG,0
TE,Brevyn Spann-Ford (39972313),Brevyn Spann-Ford,39972313,TE/FLEX,2500,NYG@DAL 09/14/2025 01:00PM ET,DAL,0
TE,John Stephens Jr. (39972315),John Stephens Jr.,39972315,TE/FLEX,2500,NYG@DAL 09/14/2025 01:00PM ET,DAL,0
TE,Rivaldo Fairweather (39972317),Rivaldo Fairweather,39972317,TE/FLEX,2500,NYG@DAL 09/14/2025 01:00PM ET,DAL,0
TE,Princeton Fant (39972319),Princeton Fant,39972319,TE/FLEX,2500,NYG@DAL 09/14/2025 01:00PM ET,DAL,0
TE,Brock Wright (39972291),Brock Wright,39972291,TE/FLEX,2500,CHI@DET 09/14/2025 01:00PM ET,DET,0
TE,Shane Zylstra (39972293),Shane Zylstra,39972293,TE/FLEX,2500,CHI@DET 09/14/2025 01:00PM ET,DET,0
TE,Kenny Yeboah (39972295),Kenny Yeboah,39972295,TE/FLEX,2500,CHI@DET 09/14/2025 01:00PM ET,DET,0
TE,Zach Horton (39972297),Zach Horton,39972297,TE/FLEX,2500,CHI@DET 09/14/2025 01:00PM ET,DET,0
TE,Durham Smythe (39972299),Durham Smythe,39972299,TE/FLEX,2500,CHI@DET 09/14/2025 01:00PM ET,CHI,0
TE,Stephen Carlson (39972301),Stephen Carlson,39972301,TE/FLEX,2500,CHI@DET 09/14/2025 01:00PM ET,CHI,0
TE,Nikola Kalinic (39972303),Nikola Kalinic,39972303,TE/FLEX,2500,CHI@DET 09/14/2025 01:00PM ET,CHI,0
DST,Bears  (39972366),Bears ,39972366,DST,2500,CHI@DET 09/14/2025 01:00PM ET,CHI,11
TE,Julian Hill (39972181),Julian Hill,39972181,TE/FLEX,2500,NE@MIA 09/14/2025 01:00PM ET,MIA,2
TE,CJ Dippre (39972281),CJ Dippre,39972281,TE/FLEX,2500,NE@MIA 09/14/2025 01:00PM ET,NE,0
TE,Tanner Conner (39972283),Tanner Conner,39972283,TE/FLEX,2500,NE@MIA 09/14/2025 01:00PM ET,MIA,4
TE,Jalin Conyers (39972285),Jalin Conyers,39972285,TE/FLEX,2500,NE@MIA 09/14/2025 01:00PM ET,MIA,0
TE,Hayden Rucci (39972287),Hayden Rucci,39972287,TE/FLEX,2500,NE@MIA 09/14/2025 01:00PM ET,MIA,0
TE,Greg Dulcich (39972289),Greg Dulcich,39972289,TE/FLEX,2500,NE@MIA 09/14/2025 01:00PM ET,MIA,0
TE,Taysom Hill (39972175),Taysom Hill,39972175,TE/FLEX,2500,SF@NO 09/14/2025 01:00PM ET,NO,0
TE,Foster Moreau (39972177),Foster Moreau,39972177,TE/FLEX,2500,SF@NO 09/14/2025 01:00PM ET,NO,0
TE,Brayden Willis (39972269),Brayden Willis,39972269,TE/FLEX,2500,SF@NO 09/14/2025 01:00PM ET,SF,0
TE,Moliki Matavao (39972271),Moliki Matavao,39972271,TE/FLEX,2500,SF@NO 09/14/2025 01:00PM ET,NO,0
TE,Jack Stoll (39972273),Jack Stoll,39972273,TE/FLEX,2500,SF@NO 09/14/2025 01:00PM ET,NO,0
TE,Mason Pline (39972275),Mason Pline,39972275,TE/FLEX,2500,SF@NO 09/14/2025 01:00PM ET,NO,0
TE,Treyton Welch (39972277),Treyton Welch,39972277,TE/FLEX,2500,SF@NO 09/14/2025 01:00PM ET,NO,0
TE,Zach Wood (39972279),Zach Wood,39972279,TE/FLEX,2500,SF@NO 09/14/2025 01:00PM ET,NO,0
DST,Saints  (39972365),Saints ,39972365,DST,2500,SF@NO 09/14/2025 01:00PM ET,NO,8
TE,Jeremy Ruckert (39972259),Jeremy Ruckert,39972259,TE/FLEX,2500,BUF@NYJ 09/14/2025 01:00PM ET,NYJ,3.6
TE,Stone Smartt (39972261),Stone Smartt,39972261,TE/FLEX,2500,BUF@NYJ 09/14/2025 01:00PM ET,NYJ,0
TE,Jelani Woods (39972263),Jelani Woods,39972263,TE/FLEX,2500,BUF@NYJ 09/14/2025 01:00PM ET,NYJ,0
TE,Jackson Hawes (39972265),Jackson Hawes,39972265,TE/FLEX,2500,BUF@NYJ 09/14/2025 01:00PM ET,BUF,3.9
TE,Keleki Latu (39972267),Keleki Latu,39972267,TE/FLEX,2500,BUF@NYJ 09/14/2025 01:00PM ET,BUF,0
TE,Eric Saubert (39972247),Eric Saubert,39972247,TE/FLEX,2500,SEA@PIT 09/14/2025 01:00PM ET,SEA,0
TE,Nick Kallerup (39972249),Nick Kallerup,39972249,TE/FLEX,2500,SEA@PIT 09/14/2025 01:00PM ET,SEA,0
TE,Darnell Washington (39972251),Darnell Washington,39972251,TE/FLEX,2500,SEA@PIT 09/14/2025 01:00PM ET,PIT,0
TE,Donald Parham Jr. (39972253),Donald Parham Jr.,39972253,TE/FLEX,2500,SEA@PIT 09/14/2025 01:00PM ET,PIT,0
TE,Connor Heyward (39972255),Connor Heyward,39972255,TE/FLEX,2500,SEA@PIT 09/14/2025 01:00PM ET,PIT,0
TE,JJ Galbreath (39972257),JJ Galbreath,39972257,TE/FLEX,2500,SEA@PIT 09/14/2025 01:00PM ET,PIT,0
TE,Colby Parkinson (39972237),Colby Parkinson,39972237,TE/FLEX,2500,LAR@TEN 09/14/2025 01:00PM ET,LAR,0.4
TE,Mark Redman (39972239),Mark Redman,39972239,TE/FLEX,2500,LAR@TEN 09/14/2025 01:00PM ET,LAR,0
TE,David Martin-Robinson (39972241),David Martin-Robinson,39972241,TE/FLEX,2500,LAR@TEN 09/14/2025 01:00PM ET,TEN,0
TE,Drake Dabney (39972243),Drake Dabney,39972243,TE/FLEX,2500,LAR@TEN 09/14/2025 01:00PM ET,TEN,0
TE,Thomas Odukoya (39972245),Thomas Odukoya,39972245,TE/FLEX,2500,LAR@TEN 09/14/2025 01:00PM ET,TEN,0
TE,Tommy Tremble (39972221),Tommy Tremble,39972221,TE/FLEX,2500,CAR@ARI 09/14/2025 04:05PM ET,CAR,1.2
TE,Mitchell Evans (39972223),Mitchell Evans,39972223,TE/FLEX,2500,CAR@ARI 09/14/2025 04:05PM ET,CAR,0
TE,James Mitchell (39972225),James Mitchell,39972225,TE/FLEX,2500,CAR@ARI 09/14/2025 04:05PM ET,CAR,0
TE,Bryce Pierre (39972227),Bryce Pierre,39972227,TE/FLEX,2500,CAR@ARI 09/14/2025 04:05PM ET,CAR,0
TE,Elijah Higgins (39972229),Elijah Higgins,39972229,TE/FLEX,2500,CAR@ARI 09/14/2025 04:05PM ET,ARI,1.3
TE,Tip Reiman (39972231),Tip Reiman,39972231,TE/FLEX,2500,CAR@ARI 09/14/2025 04:05PM ET,ARI,2
TE,Travis Vokolek (39972233),Travis Vokolek,39972233,TE/FLEX,2500,CAR@ARI 09/14/2025 04:05PM ET,ARI,0
TE,Josiah Deguara (39972235),Josiah Deguara,39972235,TE/FLEX,2500,CAR@ARI 09/14/2025 04:05PM ET,ARI,0
TE,Mo Alie-Cox (39972201),Mo Alie-Cox,39972201,TE/FLEX,2500,DEN@IND 09/14/2025 04:05PM ET,IND,3
TE,Drew Ogletree (39972203),Drew Ogletree,39972203,TE/FLEX,2500,DEN@IND 09/14/2025 04:05PM ET,IND,0
TE,Will Mallory (39972205),Will Mallory,39972205,TE/FLEX,2500,DEN@IND 09/14/2025 04:05PM ET,IND,0
TE,Maximilian Mang (39972207),Maximilian Mang,39972207,TE/FLEX,2500,DEN@IND 09/14/2025 04:05PM ET,IND,0
TE,Sean McKeon (39972209),Sean McKeon,39972209,TE/FLEX,2500,DEN@IND 09/14/2025 04:05PM ET,IND,0
TE,Nate Adkins (39972211),Nate Adkins,39972211,TE/FLEX,2500,DEN@IND 09/14/2025 04:05PM ET,DEN,0
TE,Lucas Krull (39972213),Lucas Krull,39972213,TE/FLEX,2500,DEN@IND 09/14/2025 04:05PM ET,DEN,1.6
TE,Mitchell Fraboni (39972215),Mitchell Fraboni,39972215,TE/FLEX,2500,DEN@IND 09/14/2025 04:05PM ET,DEN,0
TE,Caleb Lohner (39972217),Caleb Lohner,39972217,TE/FLEX,2500,DEN@IND 09/14/2025 04:05PM ET,DEN,0
TE,Patrick Murtagh (39972219),Patrick Murtagh,39972219,TE/FLEX,2500,DEN@IND 09/14/2025 04:05PM ET,DEN,0
TE,Grant Calcaterra (39972179),Grant Calcaterra,39972179,TE/FLEX,2500,PHI@KC 09/14/2025 04:25PM ET,PHI,0
TE,Kylen Granson (39972185),Kylen Granson,39972185,TE/FLEX,2500,PHI@KC 09/14/2025 04:25PM ET,PHI,1.1
TE,Cameron Latu (39972187),Cameron Latu,39972187,TE/FLEX,2500,PHI@KC 09/14/2025 04:25PM ET,PHI,0
TE,E.J. Jenkins (39972189),E.J. Jenkins,39972189,TE/FLEX,2500,PHI@KC 09/14/2025 04:25PM ET,PHI,0
TE,Robert Tonyan (39972191),Robert Tonyan,39972191,TE/FLEX,2500,PHI@KC 09/14/2025 04:25PM ET,KC,0
TE,Jared Wiley (39972193),Jared Wiley,39972193,TE/FLEX,2500,PHI@KC 09/14/2025 04:25PM ET,KC,0
TE,Jake Briningstool (39972195),Jake Briningstool,39972195,TE/FLEX,2500,PHI@KC 09/14/2025 04:25PM ET,KC,0
TE,Tre Watson (39972197),Tre Watson,39972197,TE/FLEX,2500,PHI@KC 09/14/2025 04:25PM ET,KC,0
TE,James Winchester (39972199),James Winchester,39972199,TE/FLEX,2500,PHI@KC 09/14/2025 04:25PM ET,KC,0
DST,Jets  (39972367),Jets ,39972367,DST,2400,BUF@NYJ 09/14/2025 01:00PM ET,NYJ,3
DST,Titans  (39972368),Titans ,39972368,DST,2400,LAR@TEN 09/14/2025 01:00PM ET,TEN,10
DST,Panthers  (39972369),Panthers ,39972369,DST,2300,CAR@ARI 09/14/2025 04:05PM ET,CAR,2
DST,Browns  (39972370),Browns ,39972370,DST,2200,CLE@BAL 09/14/2025 01:00PM ET,CLE,4
